Регион,Год,Объем_сточных_вод_млн_м3,Инвестиции_норм_%
Алтайский край,2000,31.0,0.3779890792694407
Алтайский край,2001,34.0,0.1804075377014408
Алтайский край,2002,36.0,0.0922834076988102
Алтайский край,2003,36.0,0.0564771061146153
Алтайский край,2004,36.0,0.0333244804750937
Алтайский край,2005,34.0,0.1138596056789774
Алтайский край,2006,27.0,0.0763590231890478
Алтайский край,2007,26.0,0.1043109024106808
Алтайский край,2008,22.0,0.0815182667285152
Алтайский край,2009,17.0,0.1158733391739043
Алтайский край,2010,15.0,0.0620804111710537
Алтайский край,2011,12.0,0.037866082456285
Алтайский край,2012,8.04,0.2302742691503846
Алтайский край,2013,8.07,0.3710203760877825
Алтайский край,2014,10.73,0.1315835612359699
Алтайский край,2015,16.24,0.1473226354484587
Алтайский край,2016,18.05,0.189639210257672
Алтайский край,2017,17.34,0.0324881029446014
Алтайский край,2018,17.33,0.258735761948665
Алтайский край,2019,32.27,0.1173972106170841
Алтайский край,2020,13.18,0.1044039322469182
Алтайский край,2021,13.51,0.0598764752830405
Алтайский край,2022,13.3,0.0609092595667599
Алтайский край,2023,13.0,0.2194210134490431
Амурская область,2000,94.0,0.3132182160880404
Амурская область,2001,103.0,0.2695069239593576
Амурская область,2002,95.0,0.5280428719855635
Амурская область,2003,91.0,0.5351664194857509
Амурская область,2004,99.0,0.2838030076170968
Амурская область,2005,100.0,0.1648530077594417
Амурская область,2006,90.0,0.4062407654149871
Амурская область,2007,84.0,0.7961653955039854
Амурская область,2008,86.0,0.4913019320678879
Амурская область,2009,83.0,0.8398628626787172
Амурская область,2010,82.0,0.1445126073369687
Амурская область,2011,79.0,0.7144839635193524
Амурская область,2012,78.02,1.7106218595675546
Амурская область,2013,76.97,1.4212881862393565
Амурская область,2014,44.62,0.585892016048058
Амурская область,2015,72.77,0.582285554422735
Амурская область,2016,73.77,0.5707721212243431
Амурская область,2017,67.38,1.0704737266069704
Амурская область,2018,66.82,1.0959267354631437
Амурская область,2019,65.05,0.6152836630965489
Амурская область,2020,65.81,1.622862897616941
Амурская область,2021,66.51,1.3716704804824196
Амурская область,2022,62.76,0.5810103151958317
Амурская область,2023,60.0,0.3632857715652
Архангельская область,2000,540.0,3.4748537073826897
Архангельская область,2001,537.0,3.383954490966074
Архангельская область,2002,513.0,2.439888718917784
Архангельская область,2003,477.0,0.6739745053585888
Архангельская область,2004,454.0,0.8653819262366719
Архангельская область,2005,464.0,3.0947597298938256
Архангельская область,2006,464.0,6.360303676985398
Архангельская область,2007,475.0,1.1063665387060406
Архангельская область,2008,475.0,1.413140037169753
Архангельская область,2009,413.0,0.8788487357900131
Архангельская область,2010,415.0,0.5410313540626728
Архангельская область,2011,375.0,0.6662877646057245
Архангельская область,2012,364.27,0.2571541623785128
Архангельская область,2013,341.03000000000003,1.178798249995641
Архангельская область,2014,335.86,0.5676242073404735
Архангельская область,2015,329.79,0.7241126319148394
Архангельская область,2016,328.66,0.7866972513658078
Архангельская область,2017,325.0,1.8398127258238288
Архангельская область,2018,322.78,0.4642245179689781
Архангельская область,2019,322.87,0.3713506891358725
Архангельская область,2020,320.63000000000005,2.5122939583742707
Архангельская область,2021,292.68,2.7947193791985683
Архангельская область,2022,277.51,0.4139685823226184
Архангельская область,2023,247.0,0.3002124766409625
Астраханская область,2000,84.0,0.1588116248217188
Астраханская область,2001,83.0,2.4575838980241245
Астраханская область,2002,78.0,0.3960639006315419
Астраханская область,2003,71.0,0.6183364324375541
Астраханская область,2004,71.0,0.5053331899158716
Астраханская область,2005,68.0,0.3468876733269069
Астраханская область,2006,73.0,0.6808150662479249
Астраханская область,2007,72.0,4.87199379827659
Астраханская область,2008,73.0,3.0706368253008662
Астраханская область,2009,71.0,1.5750032361689117
Астраханская область,2010,69.0,4.490736344010027
Астраханская область,2011,71.0,2.610222887022453
Астраханская область,2012,55.67,11.07260043194896
Астраханская область,2013,52.4,4.55744522704132
Астраханская область,2014,50.15,0.362838255894908
Астраханская область,2015,40.74,0.6130806725348507
Астраханская область,2016,51.16,0.2330085751022971
Астраханская область,2017,48.54,0.1660304562403639
Астраханская область,2018,49.09,0.0606667702560383
Астраханская область,2019,36.39,0.3929591207342103
Астраханская область,2020,30.26,0.1381389223619176
Астраханская область,2021,34.13,0.0549019495590795
Астраханская область,2022,35.11,0.1053330637880202
Астраханская область,2023,85.0,0.0246845162316484
Белгородская область,2000,45.0,0.2761829611760092
Белгородская область,2001,13.0,0.3306096296088647
Белгородская область,2002,6.0,0.2003608719897956
Белгородская область,2003,10.0,0.1062422341873261
Белгородская область,2004,11.0,0.1524168052771933
Белгородская область,2005,11.0,0.42699385741421
Белгородская область,2006,11.0,0.4336370767939586
Белгородская область,2007,8.0,0.3123056807360599
Белгородская область,2008,11.0,0.5991368658515509
Белгородская область,2009,49.0,0.2892783295815641
Белгородская область,2010,77.0,0.3735497465366875
Белгородская область,2011,72.0,0.6567547088668513
Белгородская область,2012,70.88,2.162596761385342
Белгородская область,2013,71.1,1.0654843776801104
Белгородская область,2014,66.83,0.5574805580384771
Белгородская область,2015,61.46,1.0299366205572302
Белгородская область,2016,73.64,0.3117679085503114
Белгородская область,2017,70.54,0.3345196026116114
Белгородская область,2018,70.46,0.5549357891236915
Белгородская область,2019,68.84,0.2486697779152987
Белгородская область,2020,65.9,0.4672974636602556
Белгородская область,2021,60.56,0.4231133493376597
Белгородская область,2022,58.6,0.6692958976157243
Белгородская область,2023,58.0,1.2979801311889312
Брянская область,2000,100.0,0.2229155595221192
Брянская область,2001,99.0,0.1570027532106953
Брянская область,2002,96.0,0.0231978830259457
Брянская область,2003,94.0,0.0826447415692798
Брянская область,2004,92.0,0.044279400981111
Брянская область,2005,89.0,0.0138636694191083
Брянская область,2006,96.0,0.0050158099107921
Брянская область,2007,94.0,
Брянская область,2008,85.0,0.0191322881501401
Брянская область,2009,83.0,
Брянская область,2010,78.0,
Брянская область,2011,75.0,
Брянская область,2012,70.83,0.0374498246121578
Брянская область,2013,67.78,0.1286953970518827
Брянская область,2014,61.56,0.0029519319189329
Брянская область,2015,57.6,
Брянская область,2016,57.92,
Брянская область,2017,55.12,
Брянская область,2018,53.78,
Брянская область,2019,50.75,
Брянская область,2020,49.69,
Брянская область,2021,51.4,
Брянская область,2022,52.06,
Брянская область,2023,53.0,0.0090978278447597
Владимирская область,2000,182.0,0.0748671167283002
Владимирская область,2001,182.0,0.0445647575542953
Владимирская область,2002,185.0,0.0837718105079636
Владимирская область,2003,174.0,0.0735302967068164
Владимирская область,2004,169.0,0.0385853086636031
Владимирская область,2005,155.0,0.039597914567199
Владимирская область,2006,147.0,0.0177026755180044
Владимирская область,2007,141.0,0.1387589235185425
Владимирская область,2008,140.0,0.0341194225400052
Владимирская область,2009,129.0,0.0343210748200184
Владимирская область,2010,129.0,0.0534994785530469
Владимирская область,2011,126.0,0.1135713372426428
Владимирская область,2012,123.74,0.208265126813431
Владимирская область,2013,120.02,0.193181025132288
Владимирская область,2014,110.49,0.1647796376440952
Владимирская область,2015,108.55,0.1468515956505645
Владимирская область,2016,108.81,0.083821920436529
Владимирская область,2017,104.52,0.1018200988242282
Владимирская область,2018,98.55,0.0723641422434284
Владимирская область,2019,94.42,0.2783869978602911
Владимирская область,2020,95.02,0.0619319665213262
Владимирская область,2021,94.26,0.0487249030847475
Владимирская область,2022,91.32,0.018530144637269
Владимирская область,2023,90.0,0.0069427880373348
Волгоградская область,2000,217.0,6.770354932245624
Волгоградская область,2001,212.0,2.665225513358104
Волгоградская область,2002,206.0,0.3616903006674257
Волгоградская область,2003,201.0,0.235336512670441
Волгоградская область,2004,208.0,0.523656242123603
Волгоградская область,2005,204.0,0.4084539753050943
Волгоградская область,2006,217.0,0.7317312775662353
Волгоградская область,2007,203.0,0.4906961757475432
Волгоградская область,2008,218.0,0.537572012954832
Волгоградская область,2009,200.0,0.2077839170595657
Волгоградская область,2010,186.0,0.304433694593236
Волгоградская область,2011,150.0,0.3475834489991116
Волгоградская область,2012,144.43,0.2169147990756516
Волгоградская область,2013,141.2,0.537252075074382
Волгоградская область,2014,122.62,2.409746807982448
Волгоградская область,2015,104.21,2.6761100562084548
Волгоградская область,2016,104.7,1.454376034491843
Волгоградская область,2017,89.2,0.4604281236515213
Волгоградская область,2018,84.29,0.6348681526650289
Волгоградская область,2019,85.25,0.9163016042949524
Волгоградская область,2020,91.69,1.1568055565073283
Волгоградская область,2021,89.21,0.2721868821883043
Волгоградская область,2022,85.92,0.3309808079148952
Волгоградская область,2023,203.0,0.3478191648707935
Вологодская область,2000,241.0,0.4735862881256729
Вологодская область,2001,240.0,0.3507465766301415
Вологодская область,2002,231.0,0.9468283293221142
Вологодская область,2003,205.0,2.482734818856549
Вологодская область,2004,195.0,2.5680703637285243
Вологодская область,2005,172.0,3.944767668164695
Вологодская область,2006,167.0,1.1877137772161126
Вологодская область,2007,156.0,1.1302317821056702
Вологодская область,2008,146.0,1.072161578049017
Вологодская область,2009,132.0,1.32878501983862
Вологодская область,2010,152.0,0.3481948705325212
Вологодская область,2011,157.0,1.407581526979313
Вологодская область,2012,154.42,1.4807148950734228
Вологодская область,2013,147.9,3.696805991203474
Вологодская область,2014,137.38,3.2666484225554133
Вологодская область,2015,145.08,1.0235010325897431
Вологодская область,2016,147.1,1.1402726227845807
Вологодская область,2017,157.41,1.3600624125378644
Вологодская область,2018,128.84,0.4657412023142456
Вологодская область,2019,78.45,0.7705186567724388
Вологодская область,2020,67.44,1.8630147055644195
Вологодская область,2021,67.31,1.1359403563480246
Вологодская область,2022,64.71,0.8199047644154396
Вологодская область,2023,60.0,1.0126963479881967
Воронежская область,2000,190.0,0.2565565312909524
Воронежская область,2001,174.0,0.0613000836463127
Воронежская область,2002,174.0,0.0328000472282897
Воронежская область,2003,173.0,0.0900551509686619
Воронежская область,2004,168.0,0.0684595930292087
Воронежская область,2005,169.0,0.1605030744101579
Воронежская область,2006,159.0,0.2588467081687242
Воронежская область,2007,152.0,0.1585455713990141
Воронежская область,2008,144.0,0.5590280629848738
Воронежская область,2009,134.0,0.4522439499537831
Воронежская область,2010,134.0,0.1136176371634789
Воронежская область,2011,135.0,0.1122534943499
Воронежская область,2012,131.08,0.0875016446044385
Воронежская область,2013,128.63,0.2472098363893046
Воронежская область,2014,121.91,0.5485863977063464
Воронежская область,2015,117.13,0.4458749808925796
Воронежская область,2016,121.62,0.2863207044665445
Воронежская область,2017,119.2,0.4554242392115494
Воронежская область,2018,118.82,0.7038477027512995
Воронежская область,2019,119.24,0.1093707934684534
Воронежская область,2020,118.23,0.1008677926473707
Воронежская область,2021,117.21,0.0217023658715742
Воронежская область,2022,121.46,0.0711277519322454
Воронежская область,2023,131.0,0.0037537425507823
Еврейская автономная область,2000,11.0,0.1764799154334038
Еврейская автономная область,2001,12.0,1.0729102716699033
Еврейская автономная область,2002,12.0,1.1719529136506543
Еврейская автономная область,2003,12.0,0.6432991616654602
Еврейская автономная область,2004,14.0,0.4142143550383317
Еврейская автономная область,2005,14.0,0.5280691626420354
Еврейская автономная область,2006,14.0,0.9011726224912108
Еврейская автономная область,2007,14.0,2.837632817867243
Еврейская автономная область,2008,13.0,2.18708762564124
Еврейская автономная область,2009,14.0,0.8610588467614535
Еврейская автономная область,2010,15.0,0.9374887105105544
Еврейская автономная область,2011,16.0,0.0992500063344059
Еврейская автономная область,2012,14.65,1.1028191822869389
Еврейская автономная область,2013,14.0,0.3404062588638179
Еврейская автономная область,2014,12.89,0.0363314667410442
Еврейская автономная область,2015,13.58,0.0430914738703798
Еврейская автономная область,2016,13.53,0.5951719614852399
Еврейская автономная область,2017,13.54,2.07860968372295
Еврейская автономная область,2018,10.72,0.4063740202060178
Еврейская автономная область,2019,12.57,
Еврейская автономная область,2020,11.74,
Еврейская автономная область,2021,12.4,0.309193513136568
Еврейская автономная область,2022,11.94,0.355839764391481
Еврейская автономная область,2023,12.0,0.1871608262168188
Забайкальский край,2000,80.0,0.180660525036137
Забайкальский край,2001,94.0,0.5472748383571624
Забайкальский край,2002,77.0,0.5063788777218678
Забайкальский край,2003,75.0,0.433307354338561
Забайкальский край,2004,84.0,0.3239996212974479
Забайкальский край,2005,83.0,0.4600094763457488
Забайкальский край,2006,79.0,0.5503862469842536
Забайкальский край,2007,85.0,0.4947084704897205
Забайкальский край,2008,97.0,0.7879033085772121
Забайкальский край,2009,98.0,0.4917279267019723
Забайкальский край,2010,78.0,0.0766595798911495
Забайкальский край,2011,95.0,0.2157086462385159
Забайкальский край,2012,85.63,0.6643077071449238
Забайкальский край,2013,35.49,1.2407949942287408
Забайкальский край,2014,30.76,0.5304319351662914
Забайкальский край,2015,35.44,0.5553353667153612
Забайкальский край,2016,34.18,0.8742182705710776
Забайкальский край,2017,45.35,1.0986741857783766
Забайкальский край,2018,51.62,2.5518238200512067
Забайкальский край,2019,75.25,1.3423995842766725
Забайкальский край,2020,87.19,0.6744010720676926
Забайкальский край,2021,61.65,0.5745234356263794
Забайкальский край,2022,70.68,1.0045503253077834
Забайкальский край,2023,67.0,1.3485049173928942
Ивановская область,2000,168.0,0.3684260355029586
Ивановская область,2001,169.0,0.2103995779201746
Ивановская область,2002,160.0,0.0959249554320955
Ивановская область,2003,158.0,0.1463693676877036
Ивановская область,2004,152.0,0.1252956966488543
Ивановская область,2005,144.0,0.93140667426163
Ивановская область,2006,140.0,0.569932837175531
Ивановская область,2007,136.0,0.3723860231164383
Ивановская область,2008,127.0,0.2503785339898804
Ивановская область,2009,114.0,0.0658313223120561
Ивановская область,2010,102.0,
Ивановская область,2011,99.0,0.1341929818300862
Ивановская область,2012,96.9,0.6851067112368218
Ивановская область,2013,88.12,0.2157193985667581
Ивановская область,2014,82.22,0.1339506758109204
Ивановская область,2015,70.25,0.0275025967011508
Ивановская область,2016,69.12,0.0541904375989342
Ивановская область,2017,68.69,0.0051255573278761
Ивановская область,2018,60.49,0.1176268938155717
Ивановская область,2019,60.9,1.036937053891671
Ивановская область,2020,62.0,0.0183340952132175
Ивановская область,2021,59.39,0.6842948686769639
Ивановская область,2022,58.19,2.9450942471014363
Ивановская область,2023,17.0,1.3671459789898484
Иркутская область,2000,893.0,0.5179907934665064
Иркутская область,2001,890.0,0.7217598137059215
Иркутская область,2002,820.0,0.7195189017653155
Иркутская область,2003,823.0,0.9124970299612154
Иркутская область,2004,785.0,0.6492758067980278
Иркутская область,2005,814.0,0.566508311845809
Иркутская область,2006,807.0,0.3580735129338161
Иркутская область,2007,789.0,0.5182075361345589
Иркутская область,2008,814.0,0.5238847958903723
Иркутская область,2009,640.0,0.4517537031777457
Иркутская область,2010,594.0,0.3169948676257596
Иркутская область,2011,583.0,0.5390319991099364
Иркутская область,2012,614.26,0.2973880024651355
Иркутская область,2013,537.89,0.932183109112982
Иркутская область,2014,499.98,0.6405415153590323
Иркутская область,2015,507.01,0.7979316725592123
Иркутская область,2016,514.27,0.8113423260816208
Иркутская область,2017,524.49,1.3827429976400911
Иркутская область,2018,527.65,1.223969988063092
Иркутская область,2019,510.05,1.8653417024306247
Иркутская область,2020,441.72,2.6639394627653687
Иркутская область,2021,426.29,1.6908348143365677
Иркутская область,2022,447.13,1.6280429636651674
Иркутская область,2023,464.0,2.6119051947994154
Кабардино-Балкарская Республика,2000,49.0,0.1742026659470361
Кабардино-Балкарская Республика,2001,50.0,0.7570525579505536
Кабардино-Балкарская Республика,2002,54.0,0.779433137939362
Кабардино-Балкарская Республика,2003,52.0,0.8008839345473008
Кабардино-Балкарская Республика,2004,50.0,0.4699152236093471
Кабардино-Балкарская Республика,2005,47.0,0.9474335793057388
Кабардино-Балкарская Республика,2006,42.0,0.9802561550876594
Кабардино-Балкарская Республика,2007,39.0,1.2091263926458893
Кабардино-Балкарская Республика,2008,38.0,1.5895781620631604
Кабардино-Балкарская Республика,2009,35.0,0.6261352023527225
Кабардино-Балкарская Республика,2010,33.0,1.0340202681666286
Кабардино-Балкарская Республика,2011,32.0,0.8738996296684678
Кабардино-Балкарская Республика,2012,29.58,2.8052210077292727
Кабардино-Балкарская Республика,2013,28.54,3.631429691407253
Кабардино-Балкарская Республика,2014,29.01,1.2129767465735846
Кабардино-Балкарская Республика,2015,28.34,1.047699139126914
Кабардино-Балкарская Республика,2016,29.39,0.3085137817152031
Кабардино-Балкарская Республика,2017,29.28,
Кабардино-Балкарская Республика,2018,30.85,
Кабардино-Балкарская Республика,2019,30.69,
Кабардино-Балкарская Республика,2020,28.81,
Кабардино-Балкарская Республика,2021,28.06,
Кабардино-Балкарская Республика,2022,29.42,0.0172767329077278
Кабардино-Балкарская Республика,2023,25.0,
Калининградская область,2000,152.0,0.1116258699973808
Калининградская область,2001,150.0,0.061440520676087
Калининградская область,2002,151.0,0.524677033820784
Калининградская область,2003,150.0,0.7698389783928636
Калининградская область,2004,147.0,0.6310078870539021
Калининградская область,2005,139.0,0.7616132437901405
Калининградская область,2006,131.0,2.1818754744824203
Калининградская область,2007,116.0,1.5481905150989004
Калининградская область,2008,103.0,0.7827901110468369
Калининградская область,2009,87.0,0.8309010875438592
Калининградская область,2010,88.0,0.5550061788278976
Калининградская область,2011,91.0,0.5041842320152959
Калининградская область,2012,103.05,1.144960860894509
Калининградская область,2013,102.18,0.5460020957947092
Калининградская область,2014,102.82,0.3233571514761931
Калининградская область,2015,106.74,1.0327226739801714
Калининградская область,2016,111.06,0.4056007397836799
Калининградская область,2017,111.12,0.3458250424914972
Калининградская область,2018,100.27,0.3032430006422024
Калининградская область,2019,106.85,0.0173188966644092
Калининградская область,2020,104.7,0.0736879204356292
Калининградская область,2021,90.83,0.1875373275329052
Калининградская область,2022,88.12,0.0264548766164467
Калининградская область,2023,97.0,0.1814469300345297
Калужская область,2000,109.0,0.2044328607347102
Калужская область,2001,113.0,0.2768876333961079
Калужская область,2002,112.0,0.1891983231008151
Калужская область,2003,108.0,0.3189395134927971
Калужская область,2004,105.0,0.8826546975711197
Калужская область,2005,99.0,0.4254252408958493
Калужская область,2006,99.0,0.3461270683281002
Калужская область,2007,98.0,0.3814506252849315
Калужская область,2008,96.0,0.3219643816525083
Калужская область,2009,95.0,0.4486405917928878
Калужская область,2010,92.0,0.4997268841731207
Калужская область,2011,88.0,0.4568469301253679
Калужская область,2012,83.86,0.6083904807110511
Калужская область,2013,93.03,1.694088737574315
Калужская область,2014,89.54,1.4778135419554337
Калужская область,2015,86.42,1.6163202464792876
Калужская область,2016,84.02,0.3073720584288223
Калужская область,2017,72.4,0.6645818587580199
Калужская область,2018,71.49,1.0244369840999057
Калужская область,2019,71.36,0.3838718936662423
Калужская область,2020,71.86,0.638009218079224
Калужская область,2021,72.07,0.6784879212045495
Калужская область,2022,72.86,0.3515457074856948
Калужская область,2023,73.0,0.7770454062097878
Камчатский край,2000,34.0,0.0263716394626447
Камчатский край,2001,36.0,0.2794148933860722
Камчатский край,2002,35.0,0.2014651165486305
Камчатский край,2003,35.0,3.157484116045316
Камчатский край,2004,29.0,0.1995828033000088
Камчатский край,2005,29.0,0.168666698503444
Камчатский край,2006,32.0,0.0600786175289291
Камчатский край,2007,41.0,0.1133711075596881
Камчатский край,2008,47.0,0.1001650518982252
Камчатский край,2009,46.0,0.072286228698945
Камчатский край,2010,46.0,
Камчатский край,2011,38.0,0.8674196224904023
Камчатский край,2012,31.56,0.7435102623207891
Камчатский край,2013,28.89,0.8120654749407636
Камчатский край,2014,25.77,0.668680054307968
Камчатский край,2015,25.43,0.0972781474623271
Камчатский край,2016,22.74,0.4614148270122405
Камчатский край,2017,27.24,0.1965305661812916
Камчатский край,2018,27.28,0.1323113357220732
Камчатский край,2019,26.46,0.0466238368026096
Камчатский край,2020,24.55,0.8068885879740674
Камчатский край,2021,24.73,0.7472691259409333
Камчатский край,2022,22.57,1.2787035235390214
Камчатский край,2023,23.0,0.7182813571729283
Карачаево-Черкесская Республика,2000,61.0,0.0035521376911105
Карачаево-Черкесская Республика,2001,62.0,0.0286178462210572
Карачаево-Черкесская Республика,2002,55.0,0.5035771166153696
Карачаево-Черкесская Республика,2003,57.0,0.0243356472811838
Карачаево-Черкесская Республика,2004,59.0,0.1311627765250776
Карачаево-Черкесская Республика,2005,53.0,1.851078968925456
Карачаево-Черкесская Республика,2006,55.0,0.9307010717924686
Карачаево-Черкесская Республика,2007,53.0,1.3559915106462757
Карачаево-Черкесская Республика,2008,54.0,0.7110785065884158
Карачаево-Черкесская Республика,2009,53.0,0.1313463317791525
Карачаево-Черкесская Республика,2010,51.0,0.0450087625854781
Карачаево-Черкесская Республика,2011,47.0,0.0118433528722633
Карачаево-Черкесская Республика,2012,45.01,0.9371260779294216
Карачаево-Черкесская Республика,2013,43.09,1.2274087610011706
Карачаево-Черкесская Республика,2014,41.4,1.0398413509963782
Карачаево-Черкесская Республика,2015,41.58,
Карачаево-Черкесская Республика,2016,41.92,1.3546768702934624
Карачаево-Черкесская Республика,2017,42.23,0.1723812791787892
Карачаево-Черкесская Республика,2018,44.85,0.0074249544250558
Карачаево-Черкесская Республика,2019,43.03,
Карачаево-Черкесская Республика,2020,42.64,
Карачаево-Черкесская Республика,2021,47.92,
Карачаево-Черкесская Республика,2022,46.05,
Карачаево-Черкесская Республика,2023,44.0,
Кемеровская область — Кузбасс,2000,787.0,0.7622731693792609
Кемеровская область — Кузбасс,2001,778.0,0.5673548904131979
Кемеровская область — Кузбасс,2002,759.0,0.1888014324671499
Кемеровская область — Кузбасс,2003,718.0,0.2467291397190228
Кемеровская область — Кузбасс,2004,708.0,0.3657034631149217
Кемеровская область — Кузбасс,2005,695.0,0.6439428204635139
Кемеровская область — Кузбасс,2006,733.0,0.5012617960986597
Кемеровская область — Кузбасс,2007,767.0,0.623981989546591
Кемеровская область — Кузбасс,2008,782.0,0.4213863506961863
Кемеровская область — Кузбасс,2009,746.0,0.5592939610622785
Кемеровская область — Кузбасс,2010,700.0,0.2725147300375817
Кемеровская область — Кузбасс,2011,661.0,0.3541260205027061
Кемеровская область — Кузбасс,2012,572.06,0.95088041492348
Кемеровская область — Кузбасс,2013,597.91,0.9012349268396384
Кемеровская область — Кузбасс,2014,478.26,1.385052711083688
Кемеровская область — Кузбасс,2015,462.13,1.0089401092363817
Кемеровская область — Кузбасс,2016,443.99,0.8060351875117133
Кемеровская область — Кузбасс,2017,432.77,1.3787241736431115
Кемеровская область — Кузбасс,2018,355.07,1.1164562909198297
Кемеровская область — Кузбасс,2019,300.65,2.3238469501028107
Кемеровская область — Кузбасс,2020,264.77,2.19126885470938
Кемеровская область — Кузбасс,2021,225.07,1.168462198044063
Кемеровская область — Кузбасс,2022,203.81,1.8965411512700805
Кемеровская область — Кузбасс,2023,212.0,1.6261413015465185
Кировская область,2000,179.0,0.2577275292356001
Кировская область,2001,176.0,0.1976112136981702
Кировская область,2002,171.0,0.1516456491549639
Кировская область,2003,171.0,0.1851535924755778
Кировская область,2004,167.0,0.0860744885172728
Кировская область,2005,132.0,0.0291238411741265
Кировская область,2006,159.0,0.1826247255198764
Кировская область,2007,147.0,0.185415078003536
Кировская область,2008,147.0,0.1244415739623747
Кировская область,2009,139.0,0.2517965600360303
Кировская область,2010,205.0,0.2366882890828072
Кировская область,2011,176.0,0.4381370362499008
Кировская область,2012,170.65,0.5942667671916411
Кировская область,2013,169.13,0.2282198308917642
Кировская область,2014,146.31,0.1956790405266807
Кировская область,2015,131.93,0.2343383098681389
Кировская область,2016,127.28,0.4281434792676262
Кировская область,2017,85.94,0.3085236307340611
Кировская область,2018,79.04,0.2902658199003299
Кировская область,2019,110.57,0.5672047001586622
Кировская область,2020,110.2,0.4091525615019443
Кировская область,2021,105.81,0.3054506344217955
Кировская область,2022,105.09,0.5344454999412144
Кировская область,2023,81.0,0.1604266601531071
Костромская область,2000,64.0,0.4048384967171202
Костромская область,2001,63.0,0.2884008730283734
Костромская область,2002,57.0,0.4566426102670607
Костромская область,2003,64.0,0.5126279380710694
Костромская область,2004,65.0,2.031491978807751
Костромская область,2005,64.0,0.2217448030310151
Костромская область,2006,66.0,0.2691923438532063
Костромская область,2007,64.0,0.1419565177685371
Костромская область,2008,65.0,0.0942365996345046
Костромская область,2009,61.0,0.0551617002890243
Костромская область,2010,47.0,0.021953374428186
Костромская область,2011,46.0,0.2919253912807876
Костромская область,2012,47.44,0.0904865775402704
Костромская область,2013,40.54,0.0430231362024056
Костромская область,2014,37.06,0.1051669205317195
Костромская область,2015,36.41,0.0312505059789587
Костромская область,2016,35.79,0.0608290551745894
Костромская область,2017,35.38,0.0432596131004405
Костромская область,2018,33.91,0.1837848236484616
Костромская область,2019,35.23,0.0699347566055379
Костромская область,2020,36.81,0.090622842811937
Костромская область,2021,39.3,0.751954684293033
Костромская область,2022,38.08,0.2022156620740396
Костромская область,2023,33.0,0.6440587915506132
Краснодарский край,2000,1076.0,0.1937753281123177
Краснодарский край,2001,1039.0,0.4104114634929051
Краснодарский край,2002,986.0,1.2910033454647
Краснодарский край,2003,1252.0,0.1171067585807362
Краснодарский край,2004,1226.0,0.126647994602447
Краснодарский край,2005,795.0,0.2073355360714
Краснодарский край,2006,907.0,0.224029844362246
Краснодарский край,2007,887.0,0.141421940654228
Краснодарский край,2008,858.0,0.0900526613638311
Краснодарский край,2009,820.0,0.1586652929486226
Краснодарский край,2010,863.0,0.1838370473293809
Краснодарский край,2011,920.0,0.2720486227163109
Краснодарский край,2012,891.89,0.1141760749708048
Краснодарский край,2013,839.32,0.0969632833225824
Краснодарский край,2014,832.89,0.6704347453137786
Краснодарский край,2015,857.77,0.263805963252053
Краснодарский край,2016,900.88,0.1241313195466077
Краснодарский край,2017,765.93,0.0778789869886431
Краснодарский край,2018,718.03,0.0787701424308141
Краснодарский край,2019,732.17,0.0565800474799283
Краснодарский край,2020,518.52,0.1393932847590618
Краснодарский край,2021,672.19,1.388263623454003
Краснодарский край,2022,800.87,1.195554894469444
Краснодарский край,2023,34.0,0.8449117944625733
Красноярский край,2000,617.0,1.0477483978353015
Красноярский край,2001,620.0,0.9778456269317516
Красноярский край,2002,611.0,1.0248799432368425
Красноярский край,2003,578.0,1.878369505036172
Красноярский край,2004,531.0,1.9821088339137527
Красноярский край,2005,531.0,2.3447767062532163
Красноярский край,2006,462.0,0.8653686348733421
Красноярский край,2007,449.0,0.7232629276550395
Красноярский край,2008,481.0,1.0062730359285617
Красноярский край,2009,453.0,1.0437579785657882
Красноярский край,2010,444.0,0.8212297387555955
Красноярский край,2011,448.0,1.0954956687463642
Красноярский край,2012,425.63,1.3323134256457758
Красноярский край,2013,391.11,1.5680943416206148
Красноярский край,2014,366.69,1.8022415413577133
Красноярский край,2015,327.23,2.4917629319397108
Красноярский край,2016,313.28,2.083536539521189
Красноярский край,2017,308.33,1.8346147858886936
Красноярский край,2018,304.71,1.1504787093579834
Красноярский край,2019,317.81,0.8968715085746615
Красноярский край,2020,321.61,1.7852765371592134
Красноярский край,2021,323.63,5.49965537787794
Красноярский край,2022,299.25,7.585867234190559
Красноярский край,2023,299.0,5.537897657379728
Курганская область,2000,62.0,0.5103832089472446
Курганская область,2001,18.0,0.2623902661980488
Курганская область,2002,62.0,0.2689159942286112
Курганская область,2003,57.0,0.3533722756989921
Курганская область,2004,57.0,0.5629894562356077
Курганская область,2005,59.0,0.4621968403329233
Курганская область,2006,57.0,0.391492302858938
Курганская область,2007,56.0,0.4225418126202575
Курганская область,2008,54.0,0.7281778368567319
Курганская область,2009,52.0,1.6081796236835644
Курганская область,2010,50.0,0.5780161945037092
Курганская область,2011,46.0,0.9540430192238994
Курганская область,2012,42.55,0.340168646072628
Курганская область,2013,39.79,0.4284057689901513
Курганская область,2014,38.54,0.3684557011525433
Курганская область,2015,37.86,0.0294167345180434
Курганская область,2016,37.97,0.0610157921508319
Курганская область,2017,36.09,0.2507343411807005
Курганская область,2018,33.18,0.3083423666878643
Курганская область,2019,31.79,0.6493756170147003
Курганская область,2020,32.17,0.5442065846698547
Курганская область,2021,31.31,0.0902558352120252
Курганская область,2022,29.02,0.1280870628823808
Курганская область,2023,28.0,0.2637303080663827
Курская область,2000,39.0,0.1677489500359656
Курская область,2001,38.0,0.1120335826021022
Курская область,2002,38.0,0.156248813711945
Курская область,2003,35.0,0.1008635566331046
Курская область,2004,35.0,0.0360598697358772
Курская область,2005,34.0,0.104061303389672
Курская область,2006,33.0,0.0827562077248483
Курская область,2007,34.0,0.0574492037981661
Курская область,2008,35.0,0.0612903879170146
Курская область,2009,33.0,0.0332200909941084
Курская область,2010,37.0,0.0432845886827996
Курская область,2011,50.0,0.0666948071980333
Курская область,2012,45.21,0.0614822505339162
Курская область,2013,15.8,0.0422629975049946
Курская область,2014,14.44,0.0782735302508688
Курская область,2015,36.06,0.0220151727273104
Курская область,2016,36.4,0.038963482091431
Курская область,2017,38.3,0.0785248436233044
Курская область,2018,35.93,0.0601429488437374
Курская область,2019,35.57,0.0438039109079014
Курская область,2020,35.08,
Курская область,2021,32.47,
Курская область,2022,33.07,2.504307691151776
Курская область,2023,33.0,1.892036655440492
Ленинградская область,2000,424.0,1.0498765220465731
Ленинградская область,2001,410.0,1.4260260537368208
Ленинградская область,2002,398.0,1.464710017203711
Ленинградская область,2003,387.0,3.3279608619866146
Ленинградская область,2004,383.0,3.398695665234762
Ленинградская область,2005,356.0,1.4930080241693842
Ленинградская область,2006,355.0,2.0772726347392974
Ленинградская область,2007,324.0,1.3989170905217188
Ленинградская область,2008,324.0,0.9584328361713886
Ленинградская область,2009,313.0,0.4765090713076693
Ленинградская область,2010,291.0,0.1192777048184625
Ленинградская область,2011,231.0,0.4735322633880683
Ленинградская область,2012,238.71,2.505114773544122
Ленинградская область,2013,277.31,2.116980299485073
Ленинградская область,2014,267.25,9.752502181066635
Ленинградская область,2015,269.17,0.1608576150701387
Ленинградская область,2016,272.18,5.19486674769414
Ленинградская область,2017,334.06,3.0960635814931883
Ленинградская область,2018,329.25,2.7915179998264272
Ленинградская область,2019,302.19,2.0668024538449443
Ленинградская область,2020,301.58,1.899402999076488
Ленинградская область,2021,299.07,0.2980435381535615
Ленинградская область,2022,290.52,0.2647001591104004
Ленинградская область,2023,278.0,0.5132442632124256
Липецкая область,2000,149.0,0.4690342995400237
Липецкая область,2001,146.0,0.8342807879922728
Липецкая область,2002,137.0,0.8569920881705045
Липецкая область,2003,126.0,0.7426702922531663
Липецкая область,2004,125.0,0.7786029314782305
Липецкая область,2005,127.0,1.458088603968197
Липецкая область,2006,124.0,2.1514615712400444
Липецкая область,2007,114.0,0.8176821727039412
Липецкая область,2008,140.0,1.4312447549860865
Липецкая область,2009,101.0,3.827877632774793
Липецкая область,2010,87.0,3.930561842146027
Липецкая область,2011,82.0,3.2471801507069777
Липецкая область,2012,86.78,1.3544341603668308
Липецкая область,2013,80.05,1.5022183477601436
Липецкая область,2014,79.09,1.868296422893382
Липецкая область,2015,75.74,2.728714150714163
Липецкая область,2016,83.03,2.8686122169278234
Липецкая область,2017,76.83,1.3166425474212191
Липецкая область,2018,69.34,2.547573925845331
Липецкая область,2019,75.5,1.5403860090533203
Липецкая область,2020,68.21,1.3180814432974686
Липецкая область,2021,65.47,4.459531833502455
Липецкая область,2022,64.6,3.7530438059834776
Липецкая область,2023,67.0,2.395950845678476
Магаданская область,2000,47.0,0.0013989776701641
Магаданская область,2001,49.0,0.0619067608852818
Магаданская область,2002,42.0,0.0228739474766254
Магаданская область,2003,40.0,0.4076149289440473
Магаданская область,2004,34.0,0.0892480588973805
Магаданская область,2005,28.0,0.3583573200627213
Магаданская область,2006,28.0,0.6367875730694288
Магаданская область,2007,29.0,1.0582776431144236
Магаданская область,2008,30.0,0.32066091530373
Магаданская область,2009,29.0,0.8894193448708555
Магаданская область,2010,27.0,0.7167848882164788
Магаданская область,2011,26.0,1.211876266034123
Магаданская область,2012,16.78,2.770248884502135
Магаданская область,2013,16.26,2.3071607171177613
Магаданская область,2014,14.25,2.316007955698971
Магаданская область,2015,12.92,1.879289306771236
Магаданская область,2016,13.6,0.5823883316718633
Магаданская область,2017,14.51,1.4605415344464543
Магаданская область,2018,11.14,0.4194213774858167
Магаданская область,2019,4.87,0.5686703675910583
Магаданская область,2020,14.15,0.5298885483226137
Магаданская область,2021,13.78,3.201527925447184
Магаданская область,2022,13.52,1.6830995656799477
Магаданская область,2023,14.0,3.630201719317176
Московская область,2000,638.0,0.0922342405157855
Московская область,2001,618.0,0.454145950239752
Московская область,2002,630.0,0.3375911167918197
Московская область,2003,626.0,0.288040529079498
Московская область,2004,643.0,0.0815763099107555
Московская область,2005,635.0,0.0687555794894261
Московская область,2006,617.0,0.1654422612850785
Московская область,2007,597.0,0.0535600859460568
Московская область,2008,588.0,0.0802533502901103
Московская область,2009,565.0,0.0220801090502507
Московская область,2010,1309.0,0.07395305704892
Московская область,2011,1220.0,0.0326256033353251
Московская область,2012,1214.41,0.0555472170907595
Московская область,2013,1190.05,0.219663165618041
Московская область,2014,1121.91,0.0809121895364156
Московская область,2015,1077.78,0.0535586634150334
Московская область,2016,1066.87,0.0190384228621093
Московская область,2017,1035.69,0.1560281644390322
Московская область,2018,956.19,0.0549470302833268
Московская область,2019,870.35,0.0340324784391726
Московская область,2020,853.02,0.0784106366234366
Московская область,2021,902.13,0.063438208829429
Московская область,2022,807.74,0.1705930127367186
Московская область,2023,806.0,0.1970413776306279
Мурманская область,2000,429.0,0.5905613494150721
Мурманская область,2001,370.0,2.4280965723050305
Мурманская область,2002,366.0,1.323950185111052
Мурманская область,2003,339.0,1.0688612613998545
Мурманская область,2004,374.0,0.5694643600166438
Мурманская область,2005,394.0,0.4905704966200095
Мурманская область,2006,329.0,0.4284473872267229
Мурманская область,2007,383.0,0.1851129996878663
Мурманская область,2008,356.0,0.5758750967910974
Мурманская область,2009,352.0,0.7975716429608056
Мурманская область,2010,339.0,1.2445303674751722
Мурманская область,2011,334.0,0.708851806041961
Мурманская область,2012,375.84,0.4687971866454439
Мурманская область,2013,333.59,0.7808370248813763
Мурманская область,2014,331.01,1.8941999160502945
Мурманская область,2015,328.28,3.2423709985514817
Мурманская область,2016,319.78,0.816656299216392
Мурманская область,2017,317.91,0.9283362900978152
Мурманская область,2018,297.86,8.772443414902366
Мурманская область,2019,266.47,10.995544392973216
Мурманская область,2020,127.24,1.8342153128918133
Мурманская область,2021,131.06,0.9532539851295088
Мурманская область,2022,110.83,0.8487047680418766
Мурманская область,2023,124.0,1.277163501854949
Ненецкий автономный округ,2000,1.12,0.4750083864475009
Ненецкий автономный округ,2001,1.01,1.4095678882484115
Ненецкий автономный округ,2002,1.11,1.855413572156692
Ненецкий автономный округ,2003,1.21,0.1433072689951518
Ненецкий автономный округ,2004,1.19,0.6807488373620433
Ненецкий автономный округ,2005,1.2,2.1194676452369614
Ненецкий автономный округ,2006,1.35,10.279376163596456
Ненецкий автономный округ,2007,1.57,0.5073994539970543
Ненецкий автономный округ,2008,1.59,1.357505323777499
Ненецкий автономный округ,2009,1.63,0.0627257203038615
Ненецкий автономный округ,2010,0.3,0.5641571922649685
Ненецкий автономный округ,2011,0.2,0.6164945811342836
Ненецкий автономный округ,2012,0.11,0.1536330651040224
Ненецкий автономный округ,2013,0.13,0.1690897163599742
Ненецкий автономный округ,2014,0.01,0.6312487366972213
Ненецкий автономный округ,2015,0.01,0.4733709371086761
Ненецкий автономный округ,2016,0.41,0.5955465146262499
Ненецкий автономный округ,2017,0.31,1.7495429677991232
Ненецкий автономный округ,2018,0.42,0.3428540753176363
Ненецкий автономный округ,2019,0.12,0.094280647373557
Ненецкий автономный округ,2020,0.09,1.5823730688680968
Ненецкий автономный округ,2021,0.0,0.0005801338240491
Ненецкий автономный округ,2022,0.0,0.0615619129271595
Ненецкий автономный округ,2023,0.0,0.1028936765076861
Нижегородская область,2000,580.0,0.6300258243468477
Нижегородская область,2001,545.0,0.2998351890470699
Нижегородская область,2002,468.0,0.2711774812455913
Нижегородская область,2003,461.0,0.4863900138213661
Нижегородская область,2004,421.0,0.3311058639375468
Нижегородская область,2005,425.0,0.3250611479839599
Нижегородская область,2006,420.0,0.2909154200791482
Нижегородская область,2007,410.0,0.3222167665242504
Нижегородская область,2008,410.0,0.3443966855460377
Нижегородская область,2009,379.0,0.1803025457628791
Нижегородская область,2010,472.0,0.275491382660604
Нижегородская область,2011,461.0,0.319824617851666
Нижегородская область,2012,451.37,0.641493216242547
Нижегородская область,2013,524.59,0.6307580562527157
Нижегородская область,2014,396.93,0.8349906053741005
Нижегородская область,2015,389.6,0.2246868491110976
Нижегородская область,2016,377.14,0.1920677244083948
Нижегородская область,2017,369.9,0.17708357875438
Нижегородская область,2018,363.24,0.4326904219414732
Нижегородская область,2019,312.66,0.3737236435685833
Нижегородская область,2020,320.54,1.2605832009754967
Нижегородская область,2021,301.7,0.6559054036441916
Нижегородская область,2022,300.82,1.1425931534428448
Нижегородская область,2023,315.0,1.246046895905902
Новгородская область,2000,97.0,0.1554134172807708
Новгородская область,2001,95.0,0.12402458092433
Новгородская область,2002,93.0,0.1232823166003534
Новгородская область,2003,81.0,0.3522741894400722
Новгородская область,2004,81.0,0.2700483121218952
Новгородская область,2005,78.0,0.2994034296919416
Новгородская область,2006,78.0,0.3540530512333865
Новгородская область,2007,75.0,0.2012348713262232
Новгородская область,2008,73.0,0.1495814273418834
Новгородская область,2009,74.0,0.1871922521451023
Новгородская область,2010,97.0,0.0971337704598933
Новгородская область,2011,92.0,0.1911071133628862
Новгородская область,2012,86.86,0.2745261910944359
Новгородская область,2013,72.64,0.9355618530786312
Новгородская область,2014,74.33,0.4385350379638459
Новгородская область,2015,76.31,1.4563369115205038
Новгородская область,2016,77.98,0.2967566214383491
Новгородская область,2017,28.47,0.5954680523317318
Новгородская область,2018,26.43,0.4495517554477084
Новгородская область,2019,25.4,0.5867911090983463
Новгородская область,2020,23.29,0.3835023363425058
Новгородская область,2021,22.5,0.2763360289159164
Новгородская область,2022,22.24,0.4012060008948325
Новгородская область,2023,21.0,0.2913075616411157
Новосибирская область,2000,78.0,0.2138468631227547
Новосибирская область,2001,74.0,0.1620534969448755
Новосибирская область,2002,76.0,0.1889685541233867
Новосибирская область,2003,79.0,0.3130660232290348
Новосибирская область,2004,74.0,0.1744027291299907
Новосибирская область,2005,72.0,0.0972270583367108
Новосибирская область,2006,73.0,0.1991230289345733
Новосибирская область,2007,101.0,0.2437587543826628
Новосибирская область,2008,105.0,0.4316732903473871
Новосибирская область,2009,98.0,0.4977335224572062
Новосибирская область,2010,107.0,0.254787306928783
Новосибирская область,2011,94.0,0.3657617111634772
Новосибирская область,2012,112.53,0.1821406186054049
Новосибирская область,2013,114.65,0.266531352815178
Новосибирская область,2014,109.35,0.4057883395758868
Новосибирская область,2015,106.96,0.4926229830403559
Новосибирская область,2016,96.91,0.1817299768969832
Новосибирская область,2017,94.01,0.20155838147682
Новосибирская область,2018,88.9,0.1550529178351685
Новосибирская область,2019,85.49,0.4986887197033707
Новосибирская область,2020,82.53,0.1535900059933002
Новосибирская область,2021,80.51,0.1048084764879935
Новосибирская область,2022,77.2,0.2995675778745774
Новосибирская область,2023,81.0,0.2295997962855867
Омская область,2000,221.0,1.057785628003581
Омская область,2001,229.0,2.607333141574728
Омская область,2002,226.0,1.03879888198798
Омская область,2003,223.0,0.493439682863961
Омская область,2004,219.0,0.2487985885327096
Омская область,2005,214.0,0.2484010547107407
Омская область,2006,203.0,0.3757419143968515
Омская область,2007,207.0,0.2784707134717793
Омская область,2008,194.0,0.2940280417287425
Омская область,2009,193.0,0.6994201801227385
Омская область,2010,177.0,0.5052880086895524
Омская область,2011,170.0,0.4175097271092829
Омская область,2012,157.81,0.8338581132824803
Омская область,2013,158.98,0.3953219304954924
Омская область,2014,151.79,0.8952978326934175
Омская область,2015,139.41,0.9456905425852944
Омская область,2016,135.85,0.3729136954569543
Омская область,2017,129.88,3.698263368092649
Омская область,2018,130.46,2.251310868648489
Омская область,2019,125.47,2.3314212651563104
Омская область,2020,126.07,1.9593019632850583
Омская область,2021,121.33,1.4934089706839109
Омская область,2022,121.19,3.1930499818701974
Омская область,2023,124.0,1.9662157014341184
Оренбургская область,2000,153.0,0.6480877824249147
Оренбургская область,2001,154.0,0.5772488120580075
Оренбургская область,2002,154.0,0.6955859103336607
Оренбургская область,2003,152.0,0.3907254590130249
Оренбургская область,2004,150.0,0.533081935309551
Оренбургская область,2005,149.0,0.63941236249532
Оренбургская область,2006,144.0,0.7907174305600504
Оренбургская область,2007,142.0,1.1098424318966007
Оренбургская область,2008,137.0,1.211592121446499
Оренбургская область,2009,136.0,0.8363770045876163
Оренбургская область,2010,122.0,1.0265459830001566
Оренбургская область,2011,132.0,0.9473662390124792
Оренбургская область,2012,126.68,0.9813212060004748
Оренбургская область,2013,120.13,1.181152843706992
Оренбургская область,2014,115.91,1.3429290951987187
Оренбургская область,2015,109.48,0.8897174713447278
Оренбургская область,2016,107.54,0.8545707107837425
Оренбургская область,2017,105.15,0.5096333638117856
Оренбургская область,2018,102.13,0.383174644082861
Оренбургская область,2019,95.9,0.2328494779990008
Оренбургская область,2020,93.97,0.817783564273556
Оренбургская область,2021,97.33,0.864608371674725
Оренбургская область,2022,96.37,0.2667971645569104
Оренбургская область,2023,99.0,0.6014164522107385
Орловская область,2000,85.0,0.1894317894660842
Орловская область,2001,86.0,0.1247017172975008
Орловская область,2002,80.0,0.0655499279251992
Орловская область,2003,79.0,0.0599487085633881
Орловская область,2004,78.0,0.0104946972675127
Орловская область,2005,68.0,0.0292964335610423
Орловская область,2006,70.0,0.0698689538529912
Орловская область,2007,63.0,0.0237882160070141
Орловская область,2008,61.0,0.0107375718812163
Орловская область,2009,60.0,0.0459480753357845
Орловская область,2010,50.0,0.1108057030020706
Орловская область,2011,54.0,0.1346085540807724
Орловская область,2012,52.84,0.3177295226935481
Орловская область,2013,54.42,0.0252000946619173
Орловская область,2014,54.22,0.6107998713808386
Орловская область,2015,51.26,0.241376761867076
Орловская область,2016,52.25,0.0666991610490889
Орловская область,2017,51.73,0.3291134327686588
Орловская область,2018,56.62,0.1216901283055213
Орловская область,2019,46.51,0.2066016989705073
Орловская область,2020,45.63,0.4156892037257714
Орловская область,2021,43.68,0.2557545671883762
Орловская область,2022,43.57,0.1412339294925239
Орловская область,2023,45.0,0.1433533373261062
Пензенская область,2000,144.0,0.0632705095821751
Пензенская область,2001,149.0,0.1038168994606555
Пензенская область,2002,148.0,0.0751740607446772
Пензенская область,2003,143.0,0.0908826372073205
Пензенская область,2004,147.0,0.1394132138257661
Пензенская область,2005,139.0,0.185102746403775
Пензенская область,2006,137.0,0.025354428241653
Пензенская область,2007,128.0,0.8790720714669532
Пензенская область,2008,124.0,0.058340299702678
Пензенская область,2009,116.0,0.066023666797794
Пензенская область,2010,111.0,0.1629821562474044
Пензенская область,2011,108.0,0.0733787345150824
Пензенская область,2012,105.19,0.0210282856696358
Пензенская область,2013,100.45,0.0814497139442561
Пензенская область,2014,95.43,0.038982016923933
Пензенская область,2015,92.02,0.2720905569766107
Пензенская область,2016,93.88,0.0979109480257534
Пензенская область,2017,92.69,0.0995529629367665
Пензенская область,2018,92.35,0.2187285218769395
Пензенская область,2019,90.54,0.0448273225050058
Пензенская область,2020,96.03,0.0922251371431565
Пензенская область,2021,97.42,0.1349418032207167
Пензенская область,2022,95.8,0.0467950388397085
Пензенская область,2023,98.0,0.0649948680035957
Пермский край,2000,401.0,1.1201251468074511
Пермский край,2001,390.0,1.1315248969745222
Пермский край,2002,378.0,0.894472488783824
Пермский край,2003,380.0,1.806173387545712
Пермский край,2004,340.0,0.7149192023757358
Пермский край,2005,317.0,0.3667879414544358
Пермский край,2006,302.0,1.0066977599349194
Пермский край,2007,279.0,1.715851720259476
Пермский край,2008,367.0,1.3224493371094406
Пермский край,2009,314.0,1.1687000480705554
Пермский край,2010,313.0,0.7326520485404984
Пермский край,2011,397.0,0.3868134442390327
Пермский край,2012,406.93,1.0089389960535493
Пермский край,2013,410.46,1.2761646387153678
Пермский край,2014,397.81,7.920544072944896
Пермский край,2015,382.97,4.990973512105836
Пермский край,2016,357.78,0.8450900374161099
Пермский край,2017,317.13,0.5843898859464345
Пермский край,2018,211.96,0.8823740360437436
Пермский край,2019,209.51,0.7507015831447365
Пермский край,2020,194.19,0.6785026193694385
Пермский край,2021,156.92,1.083919396685085
Пермский край,2022,134.62,1.335784295613762
Пермский край,2023,124.0,1.8410149438844872
Приморский край,2000,459.0,0.154935132915113
Приморский край,2001,436.0,0.2503053163632269
Приморский край,2002,418.0,0.1563951284850199
Приморский край,2003,389.0,0.2967079710090276
Приморский край,2004,346.0,0.3532751897392731
Приморский край,2005,348.0,0.2097759497340364
Приморский край,2006,337.0,0.8080772679109952
Приморский край,2007,339.0,0.4298050427460629
Приморский край,2008,340.0,0.2533679278568989
Приморский край,2009,337.0,0.6146708087091294
Приморский край,2010,371.0,2.103952755932278
Приморский край,2011,336.0,2.9241697815699115
Приморский край,2012,317.95,7.317279452717747
Приморский край,2013,284.84,0.4494551182313174
Приморский край,2014,290.4,0.6683742643087187
Приморский край,2015,290.92,0.9387469431511466
Приморский край,2016,275.68,0.3143391825963553
Приморский край,2017,268.25,0.472343078459391
Приморский край,2018,265.95,0.4335335228339078
Приморский край,2019,258.9,0.8711954122330912
Приморский край,2020,260.96,1.2140606541213013
Приморский край,2021,250.66,0.8527347510282665
Приморский край,2022,243.51,0.9855338969953752
Приморский край,2023,238.0,0.5123597756507033
Псковская область,2000,73.0,0.4935514775417364
Псковская область,2001,73.0,0.120297266813961
Псковская область,2002,74.0,0.1148475656565237
Псковская область,2003,73.0,0.1490694646030303
Псковская область,2004,69.0,0.0416908644181371
Псковская область,2005,61.0,0.0504301072619255
Псковская область,2006,60.0,0.0910290314369599
Псковская область,2007,57.0,0.3144477347190389
Псковская область,2008,57.0,0.587485262652286
Псковская область,2009,54.0,0.1321887584094909
Псковская область,2010,52.0,0.0897480072588611
Псковская область,2011,45.0,0.0380433538809036
Псковская область,2012,39.79,0.0108370719914456
Псковская область,2013,38.84,0.2581355154774923
Псковская область,2014,36.96,0.0823346706981432
Псковская область,2015,35.39,0.0598094491624118
Псковская область,2016,37.18,0.0472670331099122
Псковская область,2017,37.06,0.0031659593351183
Псковская область,2018,33.6,0.0006551198111218
Псковская область,2019,35.09,0.019821457360777
Псковская область,2020,33.9,0.1662933622526538
Псковская область,2021,32.54,0.0805520513112118
Псковская область,2022,31.59,0.0833666963053999
Псковская область,2023,34.0,0.0139587878787878
Республика Адыгея (Адыгея),2000,50.0,0.0434886585984491
Республика Адыгея (Адыгея),2001,35.0,0.016862898611822
Республика Адыгея (Адыгея),2002,35.0,0.0644255932439095
Республика Адыгея (Адыгея),2003,24.0,1.4060491608540708
Республика Адыгея (Адыгея),2004,24.0,0.130390932667371
Республика Адыгея (Адыгея),2005,24.0,0.8384118949327914
Республика Адыгея (Адыгея),2006,23.0,0.4359902330071359
Республика Адыгея (Адыгея),2007,21.0,2.279250200274367
Республика Адыгея (Адыгея),2008,21.0,3.7928898777895856
Республика Адыгея (Адыгея),2009,29.0,2.0343808342266603
Республика Адыгея (Адыгея),2010,29.0,0.4410302047908125
Республика Адыгея (Адыгея),2011,28.0,0.4929819218249644
Республика Адыгея (Адыгея),2012,28.39,1.0231420481344675
Республика Адыгея (Адыгея),2013,25.78,0.6991602022514087
Республика Адыгея (Адыгея),2014,24.42,1.3724883467222055
Республика Адыгея (Адыгея),2015,25.78,0.6625257988755249
Республика Адыгея (Адыгея),2016,25.51,0.3951927099869736
Республика Адыгея (Адыгея),2017,23.15,0.7484133820051132
Республика Адыгея (Адыгея),2018,24.66,0.1219863323157871
Республика Адыгея (Адыгея),2019,23.46,
Республика Адыгея (Адыгея),2020,23.53,
Республика Адыгея (Адыгея),2021,23.63,
Республика Адыгея (Адыгея),2022,24.09,
Республика Адыгея (Адыгея),2023,23.0,
Республика Алтай,2000,0.55,0.0006063926940639
Республика Алтай,2001,0.55,
Республика Алтай,2002,0.42,
Республика Алтай,2003,0.67,
Республика Алтай,2004,0.36,
Республика Алтай,2005,0.5,
Республика Алтай,2006,0.37,
Республика Алтай,2007,0.42,
Республика Алтай,2008,0.46,
Республика Алтай,2009,0.26,
Республика Алтай,2010,0.3,0.0211413031343636
Республика Алтай,2011,0.3,1.1278657205240177
Республика Алтай,2012,0.31,0.7988007725507972
Республика Алтай,2013,0.24,0.7388898794782895
Республика Алтай,2014,0.35,0.8391401794758611
Республика Алтай,2015,0.39,0.5162154547416501
Республика Алтай,2016,0.38,1.377757726905717
Республика Алтай,2017,0.32,1.7511318759397876
Республика Алтай,2018,0.31,0.6964123885228984
Республика Алтай,2019,0.33,0.4646239310248142
Республика Алтай,2020,0.38,0.36059684204497
Республика Алтай,2021,0.31,0.3042325273038138
Республика Алтай,2022,0.29,0.4022880607588083
Республика Алтай,2023,0.3,1.01151320192179
Республика Башкортостан,2000,457.0,1.3830052713178294
Республика Башкортостан,2001,447.0,2.207959284874125
Республика Башкортостан,2002,426.0,1.9563346787888984
Республика Башкортостан,2003,408.0,1.3332116474319784
Республика Башкортостан,2004,392.0,1.531055499990188
Республика Башкортостан,2005,388.0,1.5671511202120283
Республика Башкортостан,2006,383.0,1.7541596117859295
Республика Башкортостан,2007,383.0,1.696037668410405
Республика Башкортостан,2008,381.0,1.2766612966124251
Республика Башкортостан,2009,359.0,0.8223940361009069
Республика Башкортостан,2010,341.0,1.1596428124061104
Республика Башкортостан,2011,321.0,0.7378692032803429
Республика Башкортостан,2012,311.23,0.6460106556151874
Республика Башкортостан,2013,305.1,1.526510681995394
Республика Башкортостан,2014,297.86,1.763813759791189
Республика Башкортостан,2015,277.11,2.036103868583151
Республика Башкортостан,2016,283.24,2.898415842336388
Республика Башкортостан,2017,259.98,1.6859919482070007
Республика Башкортостан,2018,243.33,1.165871768335406
Республика Башкортостан,2019,236.02,0.7955635979980721
Республика Башкортостан,2020,175.52,2.152078955503035
Республика Башкортостан,2021,174.48,0.9677743867792824
Республика Башкортостан,2022,166.78,1.2432538087025649
Республика Башкортостан,2023,170.0,0.929971327530229
Республика Бурятия,2000,120.0,0.5954061507798558
Республика Бурятия,2001,121.0,0.3954035065552567
Республика Бурятия,2002,70.0,0.4667531576238303
Республика Бурятия,2003,67.0,0.2830149826710836
Республика Бурятия,2004,66.0,0.1766108403670299
Республика Бурятия,2005,61.0,0.3083119195759342
Республика Бурятия,2006,52.0,0.6186513492177721
Республика Бурятия,2007,50.0,0.2112144226652519
Республика Бурятия,2008,46.0,0.4328326859790681
Республика Бурятия,2009,45.0,0.5515056395987382
Республика Бурятия,2010,41.0,1.4343931051423846
Республика Бурятия,2011,8.0,0.5894393522891266
Республика Бурятия,2012,34.56,0.1925025586113205
Республика Бурятия,2013,32.47,0.2979936559049211
Республика Бурятия,2014,37.89,0.939744285171178
Республика Бурятия,2015,39.23,0.4173859623692335
Республика Бурятия,2016,38.06,0.7453980393595713
Республика Бурятия,2017,34.53,0.3212990902254333
Республика Бурятия,2018,34.64,0.5212434439663607
Республика Бурятия,2019,30.52,0.2137096632953939
Республика Бурятия,2020,28.6,0.4760852363471118
Республика Бурятия,2021,29.72,0.5323540461299755
Республика Бурятия,2022,26.28,0.4162102062936163
Республика Бурятия,2023,26.0,5.395128937439921
Республика Дагестан,2000,280.0,0.013352070397828
Республика Дагестан,2001,220.0,0.2476153943697692
Республика Дагестан,2002,77.0,0.2750662387490649
Республика Дагестан,2003,80.0,0.0463882193497111
Республика Дагестан,2004,79.0,0.1670424866563254
Республика Дагестан,2005,78.0,0.1469181115978532
Республика Дагестан,2006,75.0,0.4578503223831788
Республика Дагестан,2007,75.0,0.0660709952538985
Республика Дагестан,2008,75.0,0.0701106357951739
Республика Дагестан,2009,76.0,0.2132698839208525
Республика Дагестан,2010,77.0,0.4001214488424088
Республика Дагестан,2011,78.0,0.297403333950911
Республика Дагестан,2012,79.38,0.4514954085863132
Республика Дагестан,2013,77.33,0.0498579983934011
Республика Дагестан,2014,77.74,0.0078403798449362
Республика Дагестан,2015,79.28,0.0371742848595979
Республика Дагестан,2016,76.92,0.0101241346166924
Республика Дагестан,2017,71.91,0.0114601213141306
Республика Дагестан,2018,71.48,0.0013201475370262
Республика Дагестан,2019,73.25,
Республика Дагестан,2020,74.77,0.0096260955066341
Республика Дагестан,2021,74.9,
Республика Дагестан,2022,70.99,
Республика Дагестан,2023,74.0,
Республика Ингушетия,2000,1.42,
Республика Ингушетия,2001,0.94,
Республика Ингушетия,2002,1.13,
Республика Ингушетия,2003,1.44,
Республика Ингушетия,2004,1.37,
Республика Ингушетия,2005,1.6,
Республика Ингушетия,2006,1.86,
Республика Ингушетия,2007,1.89,
Республика Ингушетия,2008,1.26,
Республика Ингушетия,2009,3.14,
Республика Ингушетия,2010,2.7,
Республика Ингушетия,2011,4.3,
Республика Ингушетия,2012,4.15,
Республика Ингушетия,2013,4.06,
Республика Ингушетия,2014,3.83,1.4951163785297892
Республика Ингушетия,2015,2.19,
Республика Ингушетия,2016,2.57,0.0714429452284512
Республика Ингушетия,2017,2.72,0.4140936443198512
Республика Ингушетия,2018,2.84,0.1036043647229361
Республика Ингушетия,2019,2.73,1.0189506664715224
Республика Ингушетия,2020,0.92,10.391434063344123
Республика Ингушетия,2021,0.87,0.2926284634778238
Республика Ингушетия,2022,0.83,0.1382752443531527
Республика Ингушетия,2023,0.6,1.279798404736901
Республика Калмыкия,2000,28.0,0.8223577890094326
Республика Калмыкия,2001,35.0,1.0286096256684492
Республика Калмыкия,2002,37.0,1.3221841783204762
Республика Калмыкия,2003,43.0,0.5042801437418764
Республика Калмыкия,2004,37.0,0.7443564007747843
Республика Калмыкия,2005,36.0,1.4260611003851038
Республика Калмыкия,2006,41.0,0.904602113032443
Республика Калмыкия,2007,38.0,0.7341081401154084
Республика Калмыкия,2008,39.0,1.202047167587796
Республика Калмыкия,2009,35.0,0.4537813020657171
Республика Калмыкия,2010,29.0,0.0448039468777787
Республика Калмыкия,2011,33.0,0.0397698397268637
Республика Калмыкия,2012,20.45,2.307428310369995
Республика Калмыкия,2013,26.25,0.7410210878421217
Республика Калмыкия,2014,14.25,0.9828494063915204
Республика Калмыкия,2015,12.1,0.0603704879856038
Республика Калмыкия,2016,14.91,0.2146308014754715
Республика Калмыкия,2017,14.9,0.0164069120357832
Республика Калмыкия,2018,13.87,0.021842565827905
Республика Калмыкия,2019,18.24,0.0556598780269904
Республика Калмыкия,2020,14.73,0.0315551353403689
Республика Калмыкия,2021,6.29,0.0690876484217189
Республика Калмыкия,2022,11.69,0.0870995346397493
Республика Калмыкия,2023,11.0,
Республика Карелия,2000,205.0,1.3130379307167213
Республика Карелия,2001,201.0,0.6158932659573206
Республика Карелия,2002,198.0,0.4925497553333462
Республика Карелия,2003,194.0,0.9941853102348414
Республика Карелия,2004,209.0,0.7821607327834617
Республика Карелия,2005,205.0,0.5085653382569549
Республика Карелия,2006,207.0,0.7293178183579628
Республика Карелия,2007,204.0,0.7848261001325962
Республика Карелия,2008,197.0,1.7274864115575106
Республика Карелия,2009,190.0,1.2252055953272205
Республика Карелия,2010,190.0,2.7336249795662315
Республика Карелия,2011,175.0,1.6546749125706584
Республика Карелия,2012,177.6,0.2076286281836466
Республика Карелия,2013,216.74,0.1377828234142911
Республика Карелия,2014,219.73,0.4320134566229462
Республика Карелия,2015,205.65,0.2021428015628427
Республика Карелия,2016,221.23,0.2517947258890531
Республика Карелия,2017,220.83,0.1592977243563113
Республика Карелия,2018,180.2,0.0486721415017953
Республика Карелия,2019,222.1,0.0307070992007522
Республика Карелия,2020,170.9,0.0562924329220615
Республика Карелия,2021,120.61,0.0643706677993163
Республика Карелия,2022,112.18,0.0798879948289583
Республика Карелия,2023,137.0,0.2849381440236744
Республика Коми,2000,146.0,3.479075413926632
Республика Коми,2001,146.0,1.6130524486914974
Республика Коми,2002,145.0,0.476751755999228
Республика Коми,2003,141.0,0.4832933578474834
Республика Коми,2004,136.0,0.6508883788795331
Республика Коми,2005,133.0,1.0847063053975547
Республика Коми,2006,126.0,0.9791057468349912
Республика Коми,2007,121.0,0.2472053758959654
Республика Коми,2008,116.0,0.4889756113608722
Республика Коми,2009,107.0,3.998899313086774
Республика Коми,2010,117.0,1.1888575199305926
Республика Коми,2011,129.0,0.2364684042753532
Республика Коми,2012,119.58,1.2504259982177277
Республика Коми,2013,109.47,4.290133371370922
Республика Коми,2014,110.64,5.425756635372336
Республика Коми,2015,117.26,6.770456813866073
Республика Коми,2016,110.11,4.6150226968295645
Республика Коми,2017,262.24,3.171041701550098
Республика Коми,2018,266.85,4.468258172227998
Республика Коми,2019,268.62,2.357010560773288
Республика Коми,2020,171.09,2.646421810797224
Республика Коми,2021,175.99,0.8008205326968245
Республика Коми,2022,168.12,0.3619317891234473
Республика Коми,2023,177.0,0.5678725858625998
Республика Марий Эл,2000,70.0,0.2163103608265819
Республика Марий Эл,2001,60.0,0.1463195429419796
Республика Марий Эл,2002,64.0,0.2948959602139733
Республика Марий Эл,2003,66.0,0.3563141386765736
Республика Марий Эл,2004,66.0,0.2158275055175898
Республика Марий Эл,2005,64.0,0.1605537514954708
Республика Марий Эл,2006,60.0,0.0557549177005155
Республика Марий Эл,2007,60.0,0.0180178030550652
Республика Марий Эл,2008,59.0,0.0802033899335972
Республика Марий Эл,2009,62.0,0.1278984286467017
Республика Марий Эл,2010,60.0,0.0348265480537642
Республика Марий Эл,2011,57.0,0.0079528745942646
Республика Марий Эл,2012,51.1,0.0158855164328662
Республика Марий Эл,2013,55.43,0.0014814903033103
Республика Марий Эл,2014,49.75,0.0054394784795402
Республика Марий Эл,2015,49.07,0.0004300787176851
Республика Марий Эл,2016,48.15,0.0209393734584426
Республика Марий Эл,2017,45.07,0.0503270607408138
Республика Марий Эл,2018,48.08,1.0958823562992013
Республика Марий Эл,2019,49.59,0.5038235043813498
Республика Марий Эл,2020,51.36,1.058957194465031
Республика Марий Эл,2021,29.35,0.0245730321945317
Республика Марий Эл,2022,30.75,0.0637696913808318
Республика Марий Эл,2023,30.0,0.213209639866379
Республика Мордовия,2000,60.0,0.3363109141248989
Республика Мордовия,2001,58.0,0.6469499083274859
Республика Мордовия,2002,56.0,0.4141995055983714
Республика Мордовия,2003,56.0,0.5116231500421129
Республика Мордовия,2004,54.0,0.4262251890574907
Республика Мордовия,2005,53.0,1.2889511374161338
Республика Мордовия,2006,51.0,0.8405221633071263
Республика Мордовия,2007,50.0,0.6057651773940673
Республика Мордовия,2008,49.0,0.5028413228816596
Республика Мордовия,2009,47.0,0.6313084400147916
Республика Мордовия,2010,46.0,0.4061900178273425
Республика Мордовия,2011,42.0,0.733167882676199
Республика Мордовия,2012,38.69,0.4162770370679207
Республика Мордовия,2013,35.15,0.071231970260723
Республика Мордовия,2014,33.78,0.3684540471275824
Республика Мордовия,2015,29.6,0.9968040329954204
Республика Мордовия,2016,29.92,0.5416715256487077
Республика Мордовия,2017,26.45,1.154938269513255
Республика Мордовия,2018,27.05,0.4520566959030526
Республика Мордовия,2019,5.5,0.8145387854952381
Республика Мордовия,2020,5.21,1.5616561618997924
Республика Мордовия,2021,5.0,0.18281359725835
Республика Мордовия,2022,4.95,0.5096716159851127
Республика Мордовия,2023,5.0,0.2790662570905141
Республика Саха (Якутия),2000,85.0,0.5619101419710006
Республика Саха (Якутия),2001,87.0,0.2872046245432134
Республика Саха (Якутия),2002,83.0,0.6354270564494762
Республика Саха (Якутия),2003,87.0,2.5349155147893305
Республика Саха (Якутия),2004,79.0,0.8355215454143314
Республика Саха (Якутия),2005,79.0,1.4169139525862309
Республика Саха (Якутия),2006,79.0,1.2686003529212693
Республика Саха (Якутия),2007,97.0,3.3163490778116387
Республика Саха (Якутия),2008,93.0,3.0649633317319207
Республика Саха (Якутия),2009,91.0,4.791874813567388
Республика Саха (Якутия),2010,86.0,1.458189419455976
Республика Саха (Якутия),2011,87.0,0.826021684326118
Республика Саха (Якутия),2012,81.33,1.0952684485027715
Республика Саха (Якутия),2013,75.63,2.6994327535001386
Республика Саха (Якутия),2014,78.95,2.324616493684327
Республика Саха (Якутия),2015,85.43,1.819192579417623
Республика Саха (Якутия),2016,49.73,1.4277922417837643
Республика Саха (Якутия),2017,48.18,2.656770200214516
Республика Саха (Якутия),2018,56.8,3.4431313553632323
Республика Саха (Якутия),2019,83.3,1.3094762537119804
Республика Саха (Якутия),2020,74.28,1.168430085097472
Республика Саха (Якутия),2021,75.44,0.8570140846552758
Республика Саха (Якутия),2022,81.41,1.2985929133383118
Республика Саха (Якутия),2023,84.0,1.9220024642385387
Республика Северная Осетия — Алания,2000,24.0,0.497960110962311
Республика Северная Осетия — Алания,2001,18.0,0.2730373540303032
Республика Северная Осетия — Алания,2002,98.0,0.7720906391623692
Республика Северная Осетия — Алания,2003,97.0,0.5810136748885084
Республика Северная Осетия — Алания,2004,93.0,0.5697173232239987
Республика Северная Осетия — Алания,2005,96.0,1.8741121537287304
Республика Северная Осетия — Алания,2006,90.0,0.7266028628648953
Республика Северная Осетия — Алания,2007,88.0,1.2698906160046055
Республика Северная Осетия — Алания,2008,87.0,1.137339405344895
Республика Северная Осетия — Алания,2009,88.0,1.9165945188463425
Республика Северная Осетия — Алания,2010,82.0,1.8651882316394832
Республика Северная Осетия — Алания,2011,97.0,0.4660274556427994
Республика Северная Осетия — Алания,2012,106.5,0.7217102724712875
Республика Северная Осетия — Алания,2013,86.92,0.762154630702771
Республика Северная Осетия — Алания,2014,83.62,0.4194600688311018
Республика Северная Осетия — Алания,2015,87.65,0.2959090433093854
Республика Северная Осетия — Алания,2016,87.74,0.2981521415549079
Республика Северная Осетия — Алания,2017,86.39,0.5812921566364905
Республика Северная Осетия — Алания,2018,92.17,0.6134666561551206
Республика Северная Осетия — Алания,2019,89.78,
Республика Северная Осетия — Алания,2020,91.25,
Республика Северная Осетия — Алания,2021,90.15,
Республика Северная Осетия — Алания,2022,88.55,
Республика Северная Осетия — Алания,2023,90.0,
Республика Татарстан (Татарстан),2000,572.0,0.3404782266763503
Республика Татарстан (Татарстан),2001,547.0,0.4413099092355198
Республика Татарстан (Татарстан),2002,534.0,0.4178990486679756
Республика Татарстан (Татарстан),2003,534.0,0.3270933025136183
Республика Татарстан (Татарстан),2004,543.0,0.2553004735168083
Республика Татарстан (Татарстан),2005,529.0,0.2398856821371814
Республика Татарстан (Татарстан),2006,512.0,0.2546780511675385
Республика Татарстан (Татарстан),2007,493.0,0.3032121144745705
Республика Татарстан (Татарстан),2008,477.0,0.6089245183367281
Республика Татарстан (Татарстан),2009,439.0,1.2473659102618566
Республика Татарстан (Татарстан),2010,490.0,1.0707160519908292
Республика Татарстан (Татарстан),2011,498.0,0.638603879024187
Республика Татарстан (Татарстан),2012,480.0,1.8614367561330856
Республика Татарстан (Татарстан),2013,466.64,2.1757132210111925
Республика Татарстан (Татарстан),2014,439.42,0.9749370144872996
Республика Татарстан (Татарстан),2015,382.48,1.7511487722617118
Республика Татарстан (Татарстан),2016,325.21,0.926744289831804
Республика Татарстан (Татарстан),2017,319.71,0.8919654368668298
Республика Татарстан (Татарстан),2018,296.19,0.9212211925702022
Республика Татарстан (Татарстан),2019,286.14,1.0246191433046112
Республика Татарстан (Татарстан),2020,276.47,1.7243005209466336
Республика Татарстан (Татарстан),2021,262.52,0.9220305538279316
Республика Татарстан (Татарстан),2022,243.28,0.7901962084853997
Республика Татарстан (Татарстан),2023,199.0,1.3432447032273735
Республика Тыва,2000,13.0,0.1168581842464038
Республика Тыва,2001,9.0,0.5541445393673516
Республика Тыва,2002,9.0,0.7898968951718901
Республика Тыва,2003,9.0,0.1182091316554203
Республика Тыва,2004,9.0,0.0311023021802103
Республика Тыва,2005,8.0,0.3957984994640943
Республика Тыва,2006,8.0,1.0226450471386694
Республика Тыва,2007,8.0,1.3157416865282034
Республика Тыва,2008,8.0,0.9591106177080496
Республика Тыва,2009,10.0,1.1772831783789406
Республика Тыва,2010,9.0,2.4519481165184835
Республика Тыва,2011,9.0,0.6414313046238049
Республика Тыва,2012,8.14,0.3506961634077352
Республика Тыва,2013,7.47,0.0031138994689905
Республика Тыва,2014,7.4,0.00124053547605
Республика Тыва,2015,9.04,
Республика Тыва,2016,12.35,
Республика Тыва,2017,5.62,0.0143760118944201
Республика Тыва,2018,6.67,0.0252871816030053
Республика Тыва,2019,8.17,0.0256942334530573
Республика Тыва,2020,8.14,0.0424135482082139
Республика Тыва,2021,6.2,0.2065950466134888
Республика Тыва,2022,5.61,0.157936975511094
Республика Тыва,2023,5.0,
Республика Хакасия,2000,56.0,0.4797182241461468
Республика Хакасия,2001,55.0,0.3999600818322439
Республика Хакасия,2002,54.0,0.219806240731927
Республика Хакасия,2003,57.0,0.1940923463540587
Республика Хакасия,2004,50.0,0.1705107407508103
Республика Хакасия,2005,50.0,0.2304715115930741
Республика Хакасия,2006,44.0,1.9763825939246733
Республика Хакасия,2007,45.0,2.610737264994821
Республика Хакасия,2008,44.0,0.0789585776558316
Республика Хакасия,2009,40.0,0.2817496689085026
Республика Хакасия,2010,38.0,0.8059981382718415
Республика Хакасия,2011,36.0,0.6244724245963987
Республика Хакасия,2012,33.94,0.5733179728793579
Республика Хакасия,2013,30.41,0.2857582454767519
Республика Хакасия,2014,30.16,0.3278359667821747
Республика Хакасия,2015,28.93,0.1983926705165271
Республика Хакасия,2016,24.05,0.5363098372697752
Республика Хакасия,2017,24.19,0.4323199390873368
Республика Хакасия,2018,32.65,0.1952516514945257
Республика Хакасия,2019,28.31,0.2028863661101667
Республика Хакасия,2020,26.35,1.080802154062984
Республика Хакасия,2021,29.27,0.3922758451832578
Республика Хакасия,2022,30.69,0.0796852297953667
Республика Хакасия,2023,33.0,0.0864582494059593
Ростовская область,2000,298.0,1.1978825248721263
Ростовская область,2001,287.0,0.7033760656772972
Ростовская область,2002,418.0,0.5835822560101951
Ростовская область,2003,337.0,0.6482551542342405
Ростовская область,2004,318.0,0.7210976843784391
Ростовская область,2005,282.0,0.2267080780759661
Ростовская область,2006,271.0,0.2916669240101466
Ростовская область,2007,300.0,0.144506850826546
Ростовская область,2008,265.0,0.389253178603211
Ростовская область,2009,255.0,0.22867028195391
Ростовская область,2010,270.0,0.0447112287192
Ростовская область,2011,235.0,0.0571102000190086
Ростовская область,2012,253.05,0.0669776896802753
Ростовская область,2013,236.4,1.2232821551438282
Ростовская область,2014,262.16,1.4774946108136198
Ростовская область,2015,238.38,0.7704514886338408
Ростовская область,2016,252.66,0.1340104969255492
Ростовская область,2017,217.88,0.270862959626164
Ростовская область,2018,199.43,0.1980785195723432
Ростовская область,2019,203.24,0.0811967475898026
Ростовская область,2020,189.6,0.119488559479433
Ростовская область,2021,199.79,0.0526357936906946
Ростовская область,2022,205.52,0.0772195224321817
Ростовская область,2023,97.0,0.1712683792063918
Рязанская область,2000,26.0,0.1269114517196358
Рязанская область,2001,24.0,0.0915575250375799
Рязанская область,2002,19.0,0.2026158633113161
Рязанская область,2003,19.0,0.3699989263042048
Рязанская область,2004,19.0,0.2328118749642836
Рязанская область,2005,20.0,0.2865362212870647
Рязанская область,2006,15.0,0.1044648925652111
Рязанская область,2007,14.0,0.1235874471992956
Рязанская область,2008,18.0,0.2276785000719274
Рязанская область,2009,18.0,0.1732427891984917
Рязанская область,2010,89.0,0.2034870056535023
Рязанская область,2011,84.0,0.5034168820216062
Рязанская область,2012,86.13,0.4250701901988958
Рязанская область,2013,85.19,0.6102940886867071
Рязанская область,2014,81.14,0.3006947965861973
Рязанская область,2015,82.26,0.2220314528003743
Рязанская область,2016,79.51,0.1558493689299046
Рязанская область,2017,75.66,0.3478873164609417
Рязанская область,2018,74.5,0.0974195979078444
Рязанская область,2019,74.69,0.0648912727416876
Рязанская область,2020,71.49,0.0467003863277528
Рязанская область,2021,77.5,0.1056485978587403
Рязанская область,2022,71.25,0.0043759134991965
Рязанская область,2023,72.0,0.4870817257011625
Самарская область,2000,645.0,0.4951961933630278
Самарская область,2001,536.0,0.3271070756731628
Самарская область,2002,500.0,0.3157664639720202
Самарская область,2003,489.0,0.2934953417323252
Самарская область,2004,482.0,0.2174435258170968
Самарская область,2005,465.0,0.3242556348463287
Самарская область,2006,465.0,0.3984210607252003
Самарская область,2007,454.0,0.4849666118830993
Самарская область,2008,445.0,0.650645998630622
Самарская область,2009,406.0,0.5312800567260371
Самарская область,2010,397.0,0.4123422384666338
Самарская область,2011,395.0,0.6219129956711587
Самарская область,2012,361.51,0.9704632163633832
Самарская область,2013,350.97,1.30225727860433
Самарская область,2014,346.47,1.770227902798926
Самарская область,2015,366.27,1.630182291186972
Самарская область,2016,367.56,0.7268799554989653
Самарская область,2017,399.13,0.9837703191919812
Самарская область,2018,389.19,0.3720285216399752
Самарская область,2019,366.19,0.7836784910575758
Самарская область,2020,358.17,1.4762228186475992
Самарская область,2021,358.84,1.4692423558462815
Самарская область,2022,350.38,1.3356585861974877
Самарская область,2023,344.0,0.828022660369315
Саратовская область,2000,289.0,0.3608950310933244
Саратовская область,2001,294.0,0.28525668224852
Саратовская область,2002,299.0,0.4930882062831873
Саратовская область,2003,270.0,0.1466253575628184
Саратовская область,2004,262.0,0.1948786871797036
Саратовская область,2005,237.0,0.3030061925753449
Саратовская область,2006,242.0,0.2139788693786125
Саратовская область,2007,251.0,0.1670485535490565
Саратовская область,2008,197.0,0.3630347055079267
Саратовская область,2009,56.0,0.5343542183972566
Саратовская область,2010,24.0,0.3558944454280438
Саратовская область,2011,18.0,0.1798047922640756
Саратовская область,2012,112.22,0.2365923594712506
Саратовская область,2013,83.75,0.1224511283139631
Саратовская область,2014,16.51,0.3458170805375701
Саратовская область,2015,12.85,0.1827489147471699
Саратовская область,2016,13.0,0.0800276236550946
Саратовская область,2017,9.68,0.7227429286981869
Саратовская область,2018,95.35,0.2508287903963436
Саратовская область,2019,98.28,0.0841649763787772
Саратовская область,2020,89.99,0.2596142721026596
Саратовская область,2021,89.59,0.4091929502315167
Саратовская область,2022,95.76,0.1461622492115231
Саратовская область,2023,88.0,0.3419465489670431
Сахалинская область,2000,69.0,0.2573539983322311
Сахалинская область,2001,57.0,0.3120506744788408
Сахалинская область,2002,54.0,0.0413408627104909
Сахалинская область,2003,52.0,0.1228697861233591
Сахалинская область,2004,53.0,0.0707601472152936
Сахалинская область,2005,52.0,1.0090705959057664
Сахалинская область,2006,48.0,5.861807382541446
Сахалинская область,2007,45.0,3.2326585462128805
Сахалинская область,2008,48.0,4.435581938572152
Сахалинская область,2009,49.0,1.2166975338453707
Сахалинская область,2010,46.0,0.1067503042594269
Сахалинская область,2011,46.0,0.288133286263892
Сахалинская область,2012,43.75,0.4837354397912154
Сахалинская область,2013,32.91,0.5401888458632133
Сахалинская область,2014,30.22,0.4519521403203892
Сахалинская область,2015,28.82,0.7817367311478323
Сахалинская область,2016,33.97,0.7524864988709006
Сахалинская область,2017,33.08,0.8913897250158509
Сахалинская область,2018,24.91,0.0245206499991444
Сахалинская область,2019,25.01,0.7453010131748474
Сахалинская область,2020,26.02,1.3816443500350506
Сахалинская область,2021,26.64,0.6685204844332137
Сахалинская область,2022,23.96,0.7607751953991053
Сахалинская область,2023,27.0,0.615118659462832
Свердловская область,2000,826.0,1.37557141667254
Свердловская область,2001,818.0,0.8640326109744314
Свердловская область,2002,816.0,0.7559646675727137
Свердловская область,2003,869.0,0.7452594611708705
Свердловская область,2004,828.0,2.6707207093472327
Свердловская область,2005,814.0,0.735118104275767
Свердловская область,2006,821.0,0.6461339303997213
Свердловская область,2007,868.0,0.711075259581441
Свердловская область,2008,873.0,1.5220175977325774
Свердловская область,2009,780.0,0.9527125147558234
Свердловская область,2010,763.0,0.4935490355867536
Свердловская область,2011,770.0,0.5464588401519389
Свердловская область,2012,712.28,0.6072863782166762
Свердловская область,2013,686.78,0.781438540477219
Свердловская область,2014,667.0,1.2883404441987898
Свердловская область,2015,660.18,1.2213322489418956
Свердловская область,2016,616.63,0.5356909121651392
Свердловская область,2017,586.2,0.4917235884871427
Свердловская область,2018,559.77,0.637063437253965
Свердловская область,2019,566.42,0.9401650747569732
Свердловская область,2020,556.53,0.8874921104366541
Свердловская область,2021,523.69,0.7435017935294674
Свердловская область,2022,495.36,0.910810846565841
Свердловская область,2023,486.0,1.9881143933080807
Смоленская область,2000,109.0,0.0803184722429514
Смоленская область,2001,99.0,0.0970410619636109
Смоленская область,2002,93.0,0.1347243401689983
Смоленская область,2003,91.0,0.0806625962347486
Смоленская область,2004,94.0,0.1370765532247803
Смоленская область,2005,90.0,0.1623548658844787
Смоленская область,2006,90.0,0.1186087642991065
Смоленская область,2007,85.0,0.251647694857236
Смоленская область,2008,82.0,0.1877734859742453
Смоленская область,2009,79.0,0.2557836566575375
Смоленская область,2010,73.0,0.2993481427271981
Смоленская область,2011,68.0,0.1783384353318235
Смоленская область,2012,66.71,0.3376373645431257
Смоленская область,2013,62.06,0.1521823955418436
Смоленская область,2014,57.57,0.4127633195162883
Смоленская область,2015,58.45,0.3166357922735198
Смоленская область,2016,58.65,0.1887239180123041
Смоленская область,2017,59.11,0.0086888607015335
Смоленская область,2018,54.4,0.0093057987541929
Смоленская область,2019,46.18,0.1010420985598343
Смоленская область,2020,44.67,0.2494443882874613
Смоленская область,2021,43.18,0.2184897190595286
Смоленская область,2022,44.35,0.026783582364404
Смоленская область,2023,49.0,0.0889070922099229
Ставропольский край,2000,221.0,0.2729958088602036
Ставропольский край,2001,228.0,0.229886649651343
Ставропольский край,2002,223.0,0.3679106469897994
Ставропольский край,2003,222.0,0.5644134200543289
Ставропольский край,2004,224.0,0.5628115914047813
Ставропольский край,2005,220.0,0.969399458140279
Ставропольский край,2006,211.0,0.6307397106152687
Ставропольский край,2007,203.0,1.097200948885797
Ставропольский край,2008,194.0,0.2664695700238552
Ставропольский край,2009,189.0,0.403886730796282
Ставропольский край,2010,144.0,0.4527347798064516
Ставропольский край,2011,138.0,0.4284364890789018
Ставропольский край,2012,131.4,0.4697704754612239
Ставропольский край,2013,134.37,0.3967352823934358
Ставропольский край,2014,132.24,1.041961416931461
Ставропольский край,2015,123.41,0.3200699357998887
Ставропольский край,2016,125.36,0.4146824035268305
Ставропольский край,2017,125.29,0.2659942537446838
Ставропольский край,2018,173.27,0.3966757294887275
Ставропольский край,2019,159.1,0.3066443212743868
Ставропольский край,2020,164.96,0.3588919034476847
Ставропольский край,2021,115.78,0.147026270795726
Ставропольский край,2022,116.41,0.2052019491893141
Ставропольский край,2023,116.0,0.1441753394660727
Тамбовская область,2000,67.0,0.2328528731405506
Тамбовская область,2001,61.0,0.2560910488763647
Тамбовская область,2002,59.0,0.3260441464555836
Тамбовская область,2003,55.0,0.2382668091651254
Тамбовская область,2004,61.0,0.3550048436811977
Тамбовская область,2005,59.0,0.4705461622138245
Тамбовская область,2006,53.0,0.4070257828503802
Тамбовская область,2007,19.0,0.4858354803299899
Тамбовская область,2008,17.0,0.2802500910324738
Тамбовская область,2009,13.0,0.7689744791632281
Тамбовская область,2010,13.0,0.2901216379990883
Тамбовская область,2011,9.0,0.319111904161456
Тамбовская область,2012,41.76,2.2388892129355265
Тамбовская область,2013,39.49,1.5213063271386191
Тамбовская область,2014,37.95,0.7655729871366485
Тамбовская область,2015,41.37,0.7793563140557928
Тамбовская область,2016,40.77,0.4939346286016554
Тамбовская область,2017,44.79,0.9543123487861088
Тамбовская область,2018,44.66,0.3240018671071707
Тамбовская область,2019,42.99,0.3606793584653373
Тамбовская область,2020,40.82,0.7098347493360286
Тамбовская область,2021,42.83,0.4416206975714728
Тамбовская область,2022,40.37,0.1994162974464121
Тамбовская область,2023,41.0,0.309974596606082
Тверская область,2000,102.0,0.2205760431905062
Тверская область,2001,95.0,0.2711550576336982
Тверская область,2002,88.0,0.6070091831351848
Тверская область,2003,86.0,0.5576765161986068
Тверская область,2004,77.0,0.336335098743777
Тверская область,2005,79.0,0.8102013057109891
Тверская область,2006,91.0,0.0270783378008507
Тверская область,2007,101.0,0.0794400729069065
Тверская область,2008,99.0,1.3215843314281557
Тверская область,2009,92.0,3.7565722581656864
Тверская область,2010,99.0,4.544359966375182
Тверская область,2011,93.0,3.5171844922826017
Тверская область,2012,90.41,0.6064154852630286
Тверская область,2013,90.07,0.0382014616840303
Тверская область,2014,85.51,0.1310967767610447
Тверская область,2015,83.59,0.1576199274307072
Тверская область,2016,77.99,0.1360672042922824
Тверская область,2017,77.76,0.0782365812754132
Тверская область,2018,73.58,0.0736785011850793
Тверская область,2019,68.34,
Тверская область,2020,65.91,0.105172820911506
Тверская область,2021,73.18,0.0209563925862879
Тверская область,2022,69.14,0.0398097232439199
Тверская область,2023,69.0,0.0438326009964327
Томская область,2000,18.0,1.6349042292085496
Томская область,2001,19.0,1.8497423787409428
Томская область,2002,19.0,1.072365812011066
Томская область,2003,18.0,0.7987803383245282
Томская область,2004,17.0,0.7296965477769817
Томская область,2005,12.0,0.2189559683791989
Томская область,2006,9.0,0.3736326189468577
Томская область,2007,9.0,0.6386545105297756
Томская область,2008,8.0,0.8111486977825381
Томская область,2009,9.0,1.2578402153222656
Томская область,2010,14.0,0.522569462130199
Томская область,2011,26.0,0.8550155816795987
Томская область,2012,24.19,0.9036838272724604
Томская область,2013,26.57,1.4870818837640207
Томская область,2014,26.28,1.2570431950594376
Томская область,2015,23.65,1.684594784632396
Томская область,2016,23.09,1.7226029630923323
Томская область,2017,22.77,0.6585615949237539
Томская область,2018,24.15,0.3532217551769446
Томская область,2019,214.13,2.081631665521936
Томская область,2020,180.67,0.3690050967839431
Томская область,2021,182.32,1.244722642215129
Томская область,2022,163.46,0.4821464921200047
Томская область,2023,140.0,0.2846591821968429
Тульская область,2000,249.0,0.2036194791887079
Тульская область,2001,257.0,0.0648353601355234
Тульская область,2002,263.0,0.1029532394831257
Тульская область,2003,259.0,0.2856876747211381
Тульская область,2004,261.0,0.2358396996808882
Тульская область,2005,252.0,0.2408725774643524
Тульская область,2006,236.0,0.2418333507920762
Тульская область,2007,216.0,0.0826530676712371
Тульская область,2008,201.0,0.1545612408881339
Тульская область,2009,192.0,0.913985038529648
Тульская область,2010,196.0,0.3484525470775477
Тульская область,2011,187.0,0.237017528627519
Тульская область,2012,184.54,0.9775915908062036
Тульская область,2013,186.83,0.6351919405760573
Тульская область,2014,171.08,0.2692624554785766
Тульская область,2015,163.75,0.3873733136937013
Тульская область,2016,161.24,0.3342379004194034
Тульская область,2017,160.15,0.501144914701629
Тульская область,2018,155.95,0.7452948049006919
Тульская область,2019,153.54,0.0390700606037682
Тульская область,2020,152.19,0.1049704225320511
Тульская область,2021,135.07,0.2536354654449242
Тульская область,2022,127.58,0.3840004492756624
Тульская область,2023,122.0,0.1073510899524713
Тюменская область,2000,83.0,13.396919618506754
Тюменская область,2001,79.0,13.42956486623488
Тюменская область,2002,76.0,6.541731559883759
Тюменская область,2003,72.0,8.920659872687606
Тюменская область,2004,75.0,3.753826192471448
Тюменская область,2005,86.0,3.583483100136786
Тюменская область,2006,100.0,2.952630189161398
Тюменская область,2007,100.0,2.428518110493873
Тюменская область,2008,100.0,2.98293317861516
Тюменская область,2009,100.0,0.0700436622143225
Тюменская область,2010,103.0,0.1175538308700532
Тюменская область,2011,104.0,0.1903336718348338
Тюменская область,2012,91.84,0.5030667768171545
Тюменская область,2013,82.04,1.4523292659235107
Тюменская область,2014,88.71,1.9087531195903915
Тюменская область,2015,86.63000000000002,0.4767942310335899
Тюменская область,2016,86.0,0.4698447842694
Тюменская область,2017,84.0,0.694616827212317
Тюменская область,2018,82.6,0.2884246689840108
Тюменская область,2019,84.79,0.2705306024337983
Тюменская область,2020,82.71000000000002,1.3607886976686832
Тюменская область,2021,83.85,0.1891869544708587
Тюменская область,2022,89.66,0.1431881591484201
Тюменская область,2023,86.0,0.1330880555193983
Удмуртская Республика,2000,27.0,0.3706618593290988
Удмуртская Республика,2001,27.0,0.4460813956681322
Удмуртская Республика,2002,25.0,0.4218996940506443
Удмуртская Республика,2003,26.0,0.179927331540021
Удмуртская Республика,2004,28.0,0.1716142814214776
Удмуртская Республика,2005,28.0,0.2305120243322454
Удмуртская Республика,2006,30.0,0.3305802600569613
Удмуртская Республика,2007,27.0,0.2732123041672299
Удмуртская Республика,2008,25.0,0.560978548998398
Удмуртская Республика,2009,23.0,0.3545273347902882
Удмуртская Республика,2010,105.0,0.0926634717044076
Удмуртская Республика,2011,127.0,0.0671377803704938
Удмуртская Республика,2012,117.12,0.3559555741186487
Удмуртская Республика,2013,112.19,0.2688996076286314
Удмуртская Республика,2014,116.07,0.2149226687713586
Удмуртская Республика,2015,133.26,0.2095859882571384
Удмуртская Республика,2016,109.47,0.3173771023058464
Удмуртская Республика,2017,85.76,0.2018946533125599
Удмуртская Республика,2018,93.1,0.1369296564735449
Удмуртская Республика,2019,93.05,0.1806848208332065
Удмуртская Республика,2020,76.62,0.2185689827427353
Удмуртская Республика,2021,74.61,0.1453114149461885
Удмуртская Республика,2022,74.21,0.1968954474245584
Удмуртская Республика,2023,68.0,0.3486406704214334
Ульяновская область,2000,149.0,0.4064257767548906
Ульяновская область,2001,130.0,0.3358503874119636
Ульяновская область,2002,127.0,0.3260586290693346
Ульяновская область,2003,109.0,0.6270798034948346
Ульяновская область,2004,105.0,0.4056754714744966
Ульяновская область,2005,115.0,0.5826116469192548
Ульяновская область,2006,115.0,0.6417093426895263
Ульяновская область,2007,118.0,1.0643768417709234
Ульяновская область,2008,113.0,0.3830723724335563
Ульяновская область,2009,106.0,0.3512358717229593
Ульяновская область,2010,111.0,0.7690737081410316
Ульяновская область,2011,115.0,0.0598351966958864
Ульяновская область,2012,110.48,0.2152965566036363
Ульяновская область,2013,105.41,0.1852744199055594
Ульяновская область,2014,100.45,0.254689496219982
Ульяновская область,2015,121.9,0.2613772176809508
Ульяновская область,2016,124.94,0.0705152979373203
Ульяновская область,2017,101.19,0.1659305510609002
Ульяновская область,2018,93.78,0.0551519439819548
Ульяновская область,2019,94.03,0.0317320932263769
Ульяновская область,2020,88.91,0.0869029673856166
Ульяновская область,2021,91.44,0.0007413975757282
Ульяновская область,2022,90.08,0.000592027398335
Ульяновская область,2023,87.0,0.0006260062006827
Хабаровский край,2000,231.0,0.7044176384524684
Хабаровский край,2001,236.0,0.6656527915986056
Хабаровский край,2002,220.0,0.1929338951751929
Хабаровский край,2003,221.0,0.3436799603844973
Хабаровский край,2004,222.0,0.2058088734385605
Хабаровский край,2005,217.0,0.4126619783317535
Хабаровский край,2006,209.0,0.9462492458545164
Хабаровский край,2007,203.0,1.4823626461997153
Хабаровский край,2008,196.0,0.6246759586386139
Хабаровский край,2009,193.0,0.7526802539876069
Хабаровский край,2010,191.0,0.3164223962026107
Хабаровский край,2011,188.0,0.6454623215251873
Хабаровский край,2012,175.52,1.817326389863977
Хабаровский край,2013,177.9,4.249380204117035
Хабаровский край,2014,167.26,1.0199867096427773
Хабаровский край,2015,171.19,1.52367108470519
Хабаровский край,2016,172.24,0.6066486149623198
Хабаровский край,2017,171.31,0.9856151792890904
Хабаровский край,2018,189.82,1.2056683576920473
Хабаровский край,2019,181.98,1.1521547769317932
Хабаровский край,2020,157.93,0.7112172787455503
Хабаровский край,2021,152.23,0.9351869546237744
Хабаровский край,2022,161.78,2.315211659720671
Хабаровский край,2023,174.0,1.619812319401924
Ханты-Мансийский автономный округ — Югра,2000,33.0,1.344555054179785
Ханты-Мансийский автономный округ — Югра,2001,33.0,1.6494234523618752
Ханты-Мансийский автономный округ — Югра,2002,35.0,0.7282393048842183
Ханты-Мансийский автономный округ — Югра,2003,38.0,1.1029273178079186
Ханты-Мансийский автономный округ — Югра,2004,31.0,0.7487383607867212
Ханты-Мансийский автономный округ — Югра,2005,31.0,0.8239504896572724
Ханты-Мансийский автономный округ — Югра,2006,33.0,0.5972363289538636
Ханты-Мансийский автономный округ — Югра,2007,38.0,0.4387771226984132
Ханты-Мансийский автономный округ — Югра,2008,42.0,0.5008758031284058
Ханты-Мансийский автономный округ — Югра,2009,46.0,0.3979092210547053
Ханты-Мансийский автономный округ — Югра,2010,55.0,1.2260490148820624
Ханты-Мансийский автономный округ — Югра,2011,39.0,0.8087501543783673
Ханты-Мансийский автономный округ — Югра,2012,40.84,0.9985672995164744
Ханты-Мансийский автономный округ — Югра,2013,77.61,0.893911720485677
Ханты-Мансийский автономный округ — Югра,2014,545.07,0.5851519117871361
Ханты-Мансийский автономный округ — Югра,2015,462.99,0.6753341020571367
Ханты-Мансийский автономный округ — Югра,2016,891.4,0.3660170333081975
Ханты-Мансийский автономный округ — Югра,2017,86.21,0.3355028217357719
Ханты-Мансийский автономный округ — Югра,2018,83.97,0.1727987751322757
Ханты-Мансийский автономный округ — Югра,2019,83.12,0.2975578781436615
Ханты-Мансийский автономный округ — Югра,2020,93.57,0.1354705143765455
Ханты-Мансийский автономный округ — Югра,2021,86.44,0.0832545426294592
Ханты-Мансийский автономный округ — Югра,2022,70.18,0.1692256513027796
Ханты-Мансийский автономный округ — Югра,2023,69.0,0.2527948539463907
Челябинская область,2000,741.0,1.1922355488093166
Челябинская область,2001,774.0,1.1760014431928818
Челябинская область,2002,749.0,1.2774262611454923
Челябинская область,2003,721.0,0.9775156913362024
Челябинская область,2004,666.0,0.602251735095726
Челябинская область,2005,660.0,1.1569024440703033
Челябинская область,2006,655.0,0.9454093592113092
Челябинская область,2007,657.0,0.8233657382161916
Челябинская область,2008,750.0,0.9837510931271328
Челябинская область,2009,691.0,1.162195178221041
Челябинская область,2010,845.0,1.3163746284648217
Челябинская область,2011,836.0,1.243372232215609
Челябинская область,2012,743.86,1.100457817911587
Челябинская область,2013,712.77,0.9417796730419896
Челябинская область,2014,678.92,1.242556448803834
Челябинская область,2015,725.4,0.9771864655457504
Челябинская область,2016,692.54,1.1888993783883597
Челябинская область,2017,691.3,1.150689747159652
Челябинская область,2018,647.02,2.0983514769424083
Челябинская область,2019,230.05,1.2926711676374687
Челябинская область,2020,325.25,2.1750672629624006
Челябинская область,2021,283.63,2.362428542288844
Челябинская область,2022,286.92,3.54029725812094
Челябинская область,2023,244.0,2.216501654677487
Чувашская Республика — Чувашия,2000,132.0,0.3205500302238303
Чувашская Республика — Чувашия,2001,130.0,0.4999847296002079
Чувашская Республика — Чувашия,2002,123.0,0.4417798529340571
Чувашская Республика — Чувашия,2003,126.0,0.7312850214144385
Чувашская Республика — Чувашия,2004,134.0,0.2120445564996693
Чувашская Республика — Чувашия,2005,121.0,0.7621902362822013
Чувашская Республика — Чувашия,2006,121.0,0.2835057742669472
Чувашская Республика — Чувашия,2007,118.0,0.2844095702585512
Чувашская Республика — Чувашия,2008,115.0,0.073543384185102
Чувашская Республика — Чувашия,2009,91.0,0.3211125763439938
Чувашская Республика — Чувашия,2010,86.0,0.6486824987983864
Чувашская Республика — Чувашия,2011,10.0,1.3422346078119265
Чувашская Республика — Чувашия,2012,10.53,2.241154323433313
Чувашская Республика — Чувашия,2013,9.95,0.6160950248691563
Чувашская Республика — Чувашия,2014,8.98,1.357786910100435
Чувашская Республика — Чувашия,2015,37.49,1.126275698647471
Чувашская Республика — Чувашия,2016,36.99,0.3350319030728334
Чувашская Республика — Чувашия,2017,33.11,0.3243229879482964
Чувашская Республика — Чувашия,2018,83.99,0.3779698183548947
Чувашская Республика — Чувашия,2019,72.7,0.2267613458289247
Чувашская Республика — Чувашия,2020,58.14,0.799797079235617
Чувашская Республика — Чувашия,2021,58.65,0.4850671156463639
Чувашская Республика — Чувашия,2022,55.85,0.2347485027611805
Чувашская Республика — Чувашия,2023,58.0,0.052317855133576
Чукотский автономный округ,2000,5.0,
Чукотский автономный округ,2001,5.0,
Чукотский автономный округ,2002,6.0,
Чукотский автономный округ,2003,4.44,
Чукотский автономный округ,2004,4.85,
Чукотский автономный округ,2005,4.3,
Чукотский автономный округ,2006,4.61,
Чукотский автономный округ,2007,4.6,
Чукотский автономный округ,2008,6.0,
Чукотский автономный округ,2009,6.0,
Чукотский автономный округ,2010,5.0,
Чукотский автономный округ,2011,5.0,1.0506725114840831
Чукотский автономный округ,2012,5.37,0.5977680846914246
Чукотский автономный округ,2013,4.9,1.4325800764163903
Чукотский автономный округ,2014,4.86,0.7794688084943542
Чукотский автономный округ,2015,4.07,0.1848529938204112
Чукотский автономный округ,2016,3.16,0.746620740681214
Чукотский автономный округ,2017,3.05,2.259847846551161
Чукотский автономный округ,2018,3.02,0.6519108730727644
Чукотский автономный округ,2019,2.95,0.6857708300436866
Чукотский автономный округ,2020,2.89,0.5921021697482438
Чукотский автономный округ,2021,2.91,0.0642379324455477
Чукотский автономный округ,2022,2.89,0.0070829915323155
Чукотский автономный округ,2023,3.0,0.4284813726571881
Ямало-Ненецкий автономный округ,2000,28.0,0.930433011559272
Ямало-Ненецкий автономный округ,2001,33.0,0.5246503421571335
Ямало-Ненецкий автономный округ,2002,33.0,0.4446220461700134
Ямало-Ненецкий автономный округ,2003,32.0,0.8259510165222833
Ямало-Ненецкий автономный округ,2004,33.0,0.2333519997840988
Ямало-Ненецкий автономный округ,2005,31.0,0.3321914381404767
Ямало-Ненецкий автономный округ,2006,59.0,0.3940969584845903
Ямало-Ненецкий автономный округ,2007,49.0,0.3941881715602344
Ямало-Ненецкий автономный округ,2008,48.0,0.4150099458296323
Ямало-Ненецкий автономный округ,2009,33.0,1.321270078812881
Ямало-Ненецкий автономный округ,2010,44.0,0.8090691240987611
Ямало-Ненецкий автономный округ,2011,39.0,0.5790562962576533
Ямало-Ненецкий автономный округ,2012,33.89,0.4725865858163866
Ямало-Ненецкий автономный округ,2013,24.69,0.283495537542987
Ямало-Ненецкий автономный округ,2014,22.42,0.5978218080250906
Ямало-Ненецкий автономный округ,2015,23.1,1.042617596266065
Ямало-Ненецкий автономный округ,2016,32.14,0.9451597956173317
Ямало-Ненецкий автономный округ,2017,31.06,2.1335412780645897
Ямало-Ненецкий автономный округ,2018,29.32,0.7513963352693694
Ямало-Ненецкий автономный округ,2019,29.02,0.9376361027110184
Ямало-Ненецкий автономный округ,2020,28.83,0.5529146310818469
Ямало-Ненецкий автономный округ,2021,28.6,4.531654694776407
Ямало-Ненецкий автономный округ,2022,28.94,1.765860512743718
Ямало-Ненецкий автономный округ,2023,25.0,1.9611606071143448
Ярославская область,2000,306.0,2.788611032613121
Ярославская область,2001,312.0,1.5491728482279523
Ярославская область,2002,316.0,0.7733617125239334
Ярославская область,2003,306.0,0.3494353418033873
Ярославская область,2004,303.0,0.969112947766205
Ярославская область,2005,287.0,1.6950524982076478
Ярославская область,2006,284.0,0.276493215400828
Ярославская область,2007,208.0,0.5820155163403947
Ярославская область,2008,204.0,0.7496988782779699
Ярославская область,2009,184.0,0.9346355444969168
Ярославская область,2010,240.0,0.250804944000267
Ярославская область,2011,218.0,0.2304761967818655
Ярославская область,2012,229.0,0.1323727479500708
Ярославская область,2013,211.45,0.2304535941782794
Ярославская область,2014,192.96,0.3676551897140673
Ярославская область,2015,201.38,0.4035689546716755
Ярославская область,2016,179.24,0.3826026624021835
Ярославская область,2017,177.8,0.341595404505886
Ярославская область,2018,173.63,0.406453642556022
Ярославская область,2019,169.01,0.7667871403928223
Ярославская область,2020,159.32,0.7417682266486962
Ярославская область,2021,148.32,0.6505615559022145
Ярославская область,2022,146.39,0.7526354206089063
Ярославская область,2023,143.0,1.1670310986538823
г. Москва,2000,2115.0,0.3923032111223657
г. Москва,2001,2145.0,0.4475671421360712
г. Москва,2002,2661.0,0.3317897203397363
г. Москва,2003,2015.0,0.3352192398290583
г. Москва,2004,2012.0,0.1730862079624784
г. Москва,2005,1959.0,0.1832007683582132
г. Москва,2006,1857.0,0.2144913054038216
г. Москва,2007,1726.0,0.1946769801664335
г. Москва,2008,1684.0,0.1950470088930894
г. Москва,2009,1595.0,0.1645356168349971
г. Москва,2010,909.0,0.1790769090586215
г. Москва,2011,908.0,0.1578973941389032
г. Москва,2012,928.63,0.1391696280553888
г. Москва,2013,945.77,0.2531221896179987
г. Москва,2014,862.86,0.27193675896751
г. Москва,2015,817.79,0.2649236758402454
г. Москва,2016,824.76,0.4591629267353044
г. Москва,2017,844.57,0.3170193025058759
г. Москва,2018,854.59,0.1978460118120799
г. Москва,2019,819.87,0.1809712210713989
г. Москва,2020,798.57,0.2429007290299494
г. Москва,2021,806.53,0.2401891440457218
г. Москва,2022,736.55,0.1584641141841864
г. Москва,2023,833.0,0.0704782023944734
г. Санкт-Петербург,2000,1271.0,0.2605331406745536
г. Санкт-Петербург,2001,1245.0,0.3845529424480557
г. Санкт-Петербург,2002,1183.0,0.4529396128156182
г. Санкт-Петербург,2003,1203.0,0.7899753563202678
г. Санкт-Петербург,2004,1182.0,0.9882955797559996
г. Санкт-Петербург,2005,1188.0,2.721264785573914
г. Санкт-Петербург,2006,1174.0,1.1977864320581824
г. Санкт-Петербург,2007,1187.0,0.7328467929067414
г. Санкт-Петербург,2008,1174.0,0.9496834980678004
г. Санкт-Петербург,2009,1106.0,0.9723901384552556
г. Санкт-Петербург,2010,1346.0,1.1310718108718023
г. Санкт-Петербург,2011,1239.0,0.7988092294220657
г. Санкт-Петербург,2012,1217.52,0.7900610675373811
г. Санкт-Петербург,2013,1156.9,1.0146494455598931
г. Санкт-Петербург,2014,1057.92,0.5644568861532911
г. Санкт-Петербург,2015,1023.36,0.7115102929290356
г. Санкт-Петербург,2016,1093.18,0.6993336755660089
г. Санкт-Петербург,2017,977.33,0.5710732360591947
г. Санкт-Петербург,2018,897.12,0.5571830093613697
г. Санкт-Петербург,2019,920.33,0.2507553176508731
г. Санкт-Петербург,2020,914.37,0.3524922362311538
г. Санкт-Петербург,2021,945.06,0.2275707922214675
г. Санкт-Петербург,2022,932.7,0.1022139662961807
г. Санкт-Петербург,2023,936.0,0.2663475652977788
